claim_id,X_text,Y_label
PT-001-2026-001,"detected_damages: dent, scratch | insured_driver: Oh man, like, I was just driving along Avenida da Liberdade, you know, heading towards Marquês de Pombal, when the guy in front just slammed on his brakes. I totally tried to stop, but, like, I couldn't avoid it. My front bumper got a dent and there's a big scratch on the right side. It's so confusing, dude, I've never done this before. Hope it's not too expensive, pá. | third_party_driver: I was stopped at a red light on Avenida da Liberdade. The vehicle behind me, a Renault Clio, failed to stop in time and impacted my rear bumper. There's a slight dent and some paint transfer. The driver seemed quite distressed.",0
PT-002-2026-002,"detected_damages: scratch | insured_driver: Yeah, I was just backing out of a spot near Majestic Café, you know? Someone just appeared. It was a really light bump. But look, my rear bumper has this scratch, and honestly, the tail lamp, I think it's broken too. Definitely wasn't like that before. I need this sorted ASAP, I'm busy.",1
PT-003-2026-003,"detected_damages: dent | insured_driver: I was proceeding north on EN10, maintaining a speed of approximately 60 km/h, well within the legal limit. A vehicle, a white Opel Corsa, suddenly cut in front of me from the right-hand lane without indicating and then performed an emergency stop for no discernible reason. My reaction time was optimal, yet due to the sudden maneuver, a low-speed impact occurred. My front bumper sustained a noticeable dent and a crack near the right headlight. I can confirm I had not consumed any alcohol prior to driving. | third_party_driver: Yes, I was driving, and I had to brake suddenly because a dog ran onto the road. The car behind me, a black Mercedes, hit my rear. It was an accident. My car has a small dent.",1
PT-004-2026-004,"detected_damages: dent, lamp broken | insured_driver: I was approaching the intersection of Rua do Ouro and Rua de Santo António, proceeding straight. The traffic light was green for my direction of travel. A vehicle, identified as a grey Fiat Punto, entered the intersection from my left, failing to yield to the right of way. I initiated evasive braking but collision was unavoidable. Impact occurred to my front-left fender, resulting in a dent and a broken headlight assembly. Vehicle speed at impact was approximately 20 km/h. | third_party_driver: I admit I misjudged the light, thought I could make it. I pulled out and hit the BMW. My front bumper has a scratch, but his car, the BMW, definitely has a big dent on the side and the light is busted. My fault entirely.",0
PT-005-2026-005,"detected_damages: dent, scratch | insured_driver: Someone just hit my car, it was probably yesterday evening, near the Vasco da Gama shopping centre, I think. I don't really remember the exact time, it was dark. They just drove off. My passenger side door has a big dent and a scratch, and also, I'm pretty sure my side mirror glass is shattered. This needs to be fixed. What's the next step for payout?",1
PT-006-2026-006,"detected_damages: scratch, dent | insured_driver: I WAS TRYING TO PARK ON AVENIDA DOS ALIADOS AND A TAXI JUST SCRAPED MY SIDE! IT'S CLEARLY HIS FAULT! MY CAR HAS A HUGE SCRATCH AND A DENT ON THE REAR DOOR! AND NOW I NOTICE THE WINDSHIELD HAS A CRACK TOO, IT MUST HAVE HAPPENED FROM THE IMPACT. THIS IS ABSURD! I WANT THIS PAID IMMEDIATELY! I WILL CALL MY LAWYER AND THE LIVRO DE RECLAMAÇÕES IF YOU DON'T SORT THIS OUT TODAY!",1
PT-007-2026-007,"detected_damages: dent, scratch, crack | insured_driver: Oh dear, it was such a lovely sunny day, perfect for visiting my grandson, little Miguel, who lives near São Jorge Castle. I was just at the traffic light, waiting patiently you know, at Praça do Comércio, thinking about what to make for dinner, maybe bacalhau à brás, when suddenly, bump! The young man behind me, he just didn't stop. He was probably on his phone, all these young people. My rear bumper got quite a dent, and a nasty scratch, and actually, there’s a small crack near the license plate. My husband, Luís, always told me this car was too old. Oh well, these things happen, I suppose. | third_party_driver: I was distracted for a moment, honestly, glanced at my phone. The car in front, a blue Ford, stopped for the light and I didn't react quickly enough. I hit her at maybe 5 km/h. My front bumper has a minor scratch, but her car definitely has a dent, a visible scratch, and I saw a small crack on the plastic bumper.",0
PT-008-2026-008,"detected_damages: scratch | insured_driver: I was attempting to merge into the inner lane on Rotunda da Boavista. The driver in the adjacent lane, a dark grey Skoda Fabia, clearly signaled with a hand gesture, specifically a 'wave-in' motion, indicating it was safe for me to proceed. Relying on this explicit instruction, I commenced my lane change. However, they then accelerated, resulting in a side-swipe contact. My vehicle sustained a long scratch along the passenger side and the side indicator lamp is definitely broken. I acted in good faith, following their clear signal. There was no alcohol involved, and I was driving below the posted limit. | third_party_driver: I was just driving around the rotunda. This Polo just swerved into my lane without looking. I didn't wave anyone in. My car is fine, just a tiny scratch, but his car has a big scrape.",1
PT-009-2026-009,"detected_damages: dent, scratch | insured_driver: I was driving north on the A2, approximately 20 kilometers past Alcácer do Sal, maintaining a steady 120 km/h in the right lane. Suddenly, without warning, a dark-colored van, possibly a Mercedes Vito, veered sharply into my lane from the left, forcing me to take evasive action. To prevent a direct collision, I swerved hard to the right, impacting the roadside barrier. My rear-right fender has a significant dent and multiple scratches, and the rear tail lamp is completely shattered. It was an extremely dangerous situation, and I reacted appropriately to avoid a major pile-up.",1
PT-010-2026-010,"detected_damages: dent | insured_driver: Ugh, like, I was just trying to parallel park on Rua Augusta, which is, you know, super tight. I barely touched the car behind me, like, just a tiny tap, I swear. But now my front bumper has this, like, dent, and I think there's also a small crack forming right here, see? It's really stressful, and I just hope the insurance covers everything, pá. I don't have money for this. | third_party_driver: The Smart car tried to park and just nudged my front bumper. It was a very gentle contact, barely moved my car. My car has no damage. His Smart car has a small dent, but I didn't see any crack.",1
PT-INS-2026-001,"detected_damages: dent, scratch | insured_driver: Oh man, like, I was just driving along Avenida da Liberdade, you know, heading towards Rossio. And then, like, this other car just slammed into me from behind, totally out of nowhere! My neck hurts a bit, and the back bumper, like, it has a proper dent and a bunch of scratches now. I don't know what to do, this is my first accident, pá. Will my insurance cover this?",0
PT-INS-2026-002,"detected_damages: scratch | insured_driver: Yeah, so, I was parking, or maybe leaving a spot, on Rua de Santa Catarina. And some… thing… scraped my car. I mean, it's pretty bad. There's a nasty scratch, definitely a dent, and I think the rear lamp is actually broken. I really need this fixed quickly, as soon as possible. What's the process?",1
PT-INS-2026-003,"detected_damages: dent, scratch | insured_driver: I was proceeding northbound on the IC2, maintaining a consistent speed of approximately 80 km/h, well within the legal limit. The road conditions were optimal, and visibility was clear. Without any prior warning or indication, the vehicle in front of me, a dark-colored sedan, executed an immediate and violent brake application. My reaction time was instantaneous, but due to the sudden deceleration, a minor impact was unavoidable. I confirm there is a significant dent to my front bumper, extensive scratching, and what appears to be a major glass shatter on the windshield, along with a broken headlamp. I had not consumed any alcoholic beverages, nor was I distracted by any electronic devices. | third_party_driver: Sim, I was in front. I slowed down because I saw a dog on the side of the road, it was a sudden thing. He hit me. He was too close. My rear bumper has some scrapes, nothing major. I swear I saw the other driver looking in his mirror before he hit me.",1
PT-INS-2026-004,"detected_damages: scratch, dent | insured_driver: Incident occurred on Avenida de Roma at approximately 14:30. I was in the left lane, preparing to turn onto Rua João XXI. The vehicle in the adjacent right lane, a grey Peugeot 308, initiated a lane change without proper signalization or sufficient clearance. The right side mirror of my vehicle made contact with the left rear fender of the third-party vehicle. This resulted in a perceptible scratch and a minor dent on my front passenger side door panel. No reported injuries. Police attendance was not deemed necessary by both parties.",0
PT-INS-2026-005,"detected_damages: dent | insured_driver: LISTEN, I WAS DRIVING SLOWLY ON RUA DR. FRANCISCO SÁ CARNEIRO, AND THIS IDIOT REVERSED INTO ME! IT'S A HUGE DENT ON MY FRONT BUMPER, THERE'S A CRACK ON MY WINDSHIELD AND THE HEADLAMP IS BROKEN! I DON'T HAVE TIME FOR THIS. I WANT MY CAR FIXED NOW. IF THIS ISN'T RESOLVED TODAY, I AM CALLING MY LAWYER AND THE LIVRO DE RECLAMAÇÕES! DON'T WASTE MY TIME!",1
PT-INS-2026-006,"detected_damages: dent, crack | insured_driver: While operating my vehicle southbound on the EN125, within the vicinity of Almancil, an unidentified, dark-colored van unexpectedly swerved into my lane from the shoulder, approximately 50 meters ahead, creating an imminent collision risk. To avert a direct impact, I performed an evasive maneuver, steering sharply to the right. This action caused my vehicle to impact a guardrail. The front passenger side sustained significant deformation, specifically a dent on the fender and a crack across the headlight assembly. Furthermore, the front passenger lamp is now non-functional. The phantom vehicle did not stop and continued at high velocity. My driving record is impeccable, and I possess no prior traffic infractions.",1
PT-INS-2026-007,"detected_damages: scratch, dent, lamp broken | insured_driver: Oh, my goodness, it was just terrible. I was going to meet my grand-niece, Sofia, for her birthday, she loves the pastries from Confeitaria Arcadia, you know? And I was just going through the Praça da Batalha, the lights were green, I always check three times, you know. And then this little red car, bless his heart, just came out of nowhere! My husband, Manuel, always told me to be careful in the city. Now my poor little Peugeot, it has a big scratch on the side, a dent, and the front light, it's all smashed. I hope it can be fixed quickly, Sofia will be so sad if I can't drive her to school.",0
PT-INS-2026-008,"detected_damages: scratch | insured_driver: I had a minor incident. Somewhere on Avenida 5 de Outubro, probably when parking. My car just got scraped against something. It's got a scratch, maybe a dent, and I think there's a hairline crack on the bumper too. I didn't see it clearly at the time. I just need to get it sorted, it looks quite noticeable now. Can you tell me what happens next? I'm busy.",1
PT-INS-2026-009,"detected_damages: dent, scratch | insured_driver: I was attempting a left turn from the Rotunda do Relógio, proceeding into the designated lane. The driver of the opposing vehicle, a yellow taxi, clearly signaled me to proceed with a hand gesture. Interpreting this as an invitation, I commenced my maneuver. Unexpectedly, the taxi then accelerated, resulting in a side-impact collision to my vehicle's front passenger side. I sustained a dent and significant scratches, and I firmly believe my passenger window has a substantial glass shatter and my front right lamp is broken. I acted entirely on the other driver's explicit instruction. | third_party_driver: Eu não waved! I never waved him in! I was going straight, and he just cut in front of me from the roundabout. What is he talking about? There's a small dent and scratch on my taxi, but it's not from me waving. He's making this up.",1
PT-INS-2026-010,"detected_damages: dent, scratch | insured_driver: Okay, so, like, I was trying to reverse out of this really tight spot, you know, near a viewpoint in Arrábida, it was super beautiful but the parking was awful, dude. And I just misjudged it, like, completely. And bumped into a low wall, I think? My rear bumper, it’s got this pretty bad dent now, and there are some deep scratches. I feel so stupid, man. Is this going to be super expensive to fix?",0
PT-XXX-2026-001,"detected_damages: dent, scratch | insured_driver: Oh man, like, I was just driving, you know, near Saldanha, going, like, maybe 40 km/h? And the guy in front just, like, slammed the brakes out of nowhere. I really tried to stop, I swear, but I just clipped him. My front bumper's got a pretty big dent and some scratches, dude. I'm so worried about the repair costs, you know? This is, like, my first accident. | third_party_driver: I was at a complete stop at the traffic light on Avenida da República, near the Gulbenkian. My vehicle was stationary. The driver behind me failed to brake in time and impacted my rear bumper. There's a noticeable dent and some paint scratches on my car. No personal injuries, but the vehicle sustained damage.",0
PT-XXX-2026-002,"detected_damages: scratch, dent | insured_driver: At approximately 14:30, I was proceeding northbound on Rua de Santa Catarina, maintaining a speed of approximately 30 km/h. A Fiat 500, attempting to parallel park on the right side, initiated a maneuver without adequate signalization or clearance, resulting in a side-swipe impact with my passenger-side rear door. Observed damage includes lateral scratches and a minor dent. Photographic evidence of the scene and vehicles has been submitted. | third_party_driver: I was trying to park, you know, a tricky spot on Santa Catarina. I signalled, I'm sure of it. This Mercedes just came too close, too fast, and scraped my front bumper as I was reversing into the spot. My car has a scratch and a small dent there now. It wasn't my fault, I was clearly trying to park.",0
PT-XXX-2026-003,"detected_damages: dent, scratch | insured_driver: Oh dear, it was such a lovely day, I was going to the Forum to buy some fabric for my granddaughter's dress, you see, she just turned seven. And as I was backing out of my parking spot, very slowly, mind you, only like 5 km/h, I just, well, I didn't see that little post on my left. My lovely Corsa, it got a dent and some horrible scratches on the back bumper. My husband, Manuel, he's going to be so upset, he loves this car. I'm not good with all this technology, but I think I filled out the form correctly, bless you. | impartial_witness: I was walking past, heading to the cinema, when I saw an older lady in an Opel Corsa slowly reversing out of a parking spot. She seemed to misjudge the distance and bumped directly into a concrete pillar. There was a clear scraping sound, and I saw a dent forming on her rear bumper, along with some paint scratches. She looked quite distressed.",0
PT-XXX-2026-004,"detected_damages: scratch | insured_driver: Yeah, so, I was just driving, you know, sometime this morning, near the city centre. And this van just came too close and scraped my side. My car is totally messed up now. It's got a huge dent, the headlamp is broken, and a lot of scratches all along the side. I need this fixed ASAP, I use it for work every day. I expect full compensation for all the damage.",1
PT-XXX-2026-005,"detected_damages: dent | insured_driver: I WAS DRIVING CAREFULLY IN THE ROUNDABOUT ON BOAVISTA, AND THIS IDIOT IN A WHITE VAN JUST SWERVED INTO ME! MY CAR IS COMPLETELY DESTROYED! THE WINDSHIELD IS SHATTERED, THE HEADLAMP IS BROKEN, AND THERE'S A HUGE DENT ON THE FRONT FENDER! THIS IS UNACCEPTABLE! I WANT THIS HANDLED IMMEDIATELY OR I'M CALLING MY LAWYER AND GOING STRAIGHT TO THE 'LIVRO DE RECLAMAÇÕES'!",1
PT-XXX-2026-006,"detected_damages: dent, scratch | insured_driver: I was on the EN1, following a dark grey Audi at a safe distance, about 50 km/h. Suddenly, the Audi cut sharply in front of me from the right lane, then slammed on its brakes for no apparent reason. I had absolutely no time to react and hit their rear bumper. My front bumper has a dent and scratches. I swear, it was so fast, I didn't even see brake lights until it was too late, man. It felt really weird, you know? | third_party_driver: At 10:15 AM, while navigating the EN1 near Marrazes, I executed a standard lane change manoeuvre, indicating appropriately. Upon re-establishing my position, an unexpected object (a plastic bag) entered my lane, necessitating an immediate and controlled emergency braking procedure. The vehicle behind, a Seat Ibiza, failed to maintain an adequate safety distance and initiated a rear-end impact. My rear bumper sustained significant impact, including a broken lamp and a visible crack. I confirm I was not operating under the influence of alcohol or any illicit substances, and my vehicle's braking system was fully functional.",1
PT-XXX-2026-007,"detected_damages: dent, scratch | insured_driver: I was at the intersection, you know, going straight. The other guy, the one coming from the opposite direction, he clearly waved me through to turn left. So I started my turn, like anyone would. But then he just went for it, and we hit. My front left fender has a nasty dent and some scratches, and my indicator lamp is broken. I even think there's a crack near the wheel arch. It's totally his fault, he waved me on! | third_party_driver: I was waiting to turn left at the intersection. The BMW driver was facing me, indicating to turn left as well. I did *not* wave him through. I simply made eye contact. He then proceeded to turn left directly into my path, causing the collision. My front bumper is dented and scratched.",1
PT-XXX-2026-008,"detected_damages: dent, scratch, lamp broken | insured_driver: I was proceeding along Estrada Monumental, adhering strictly to the 50 km/h speed limit. Without warning, an unidentified dark-colored vehicle, possibly a motorcycle, swerved abruptly into my lane from the right, directly in front of my vehicle. To prevent a catastrophic head-on collision, I executed an immediate evasive manoeuvre, steering sharply to the left. This caused my vehicle to impact a lamppost on the central reservation. My front right side sustained a significant dent, extensive scratches, and the headlamp is completely broken. I had not consumed any alcoholic beverages, nor was I distracted by my phone. The phantom vehicle fled the scene without stopping.",1
PT-XXX-2026-009,"detected_damages: scratch | insured_driver: Ugh, like, I was just trying to park near the market, you know? And this other car, a really old one, like, scraped my side as it passed. It was barely moving, maybe 10 km/h, but it totally messed up my car! I have a big dent, a massive scratch all down the side, and I'm pretty sure there's a crack on the panel too, dude. This is going to cost a fortune, I'm so stressed out! | impartial_witness: I was walking by, just saw a very light contact between a Ford Fiesta trying to park and an old white van passing by. The van's mirror just brushed the Fiesta's side. I only saw a light scratch on the Fiesta, nothing more significant than that. It was a very minor incident.",1
PT-XXX-2026-010,"detected_damages: dent, scratch | insured_driver: I WAS IN THE PARKING LOT, PRACTICALLY STOPPED, AND THIS OTHER CAR JUST BACKED INTO ME! IT WAS A HUGE IMPACT! MY WINDSHIELD IS SHATTERED, THERE'S A GIANT DENT ON MY DOOR, AND A CRACK ON THE SIDE PANEL! THIS IS CLEARLY PREMEDITATED! I DEMAND IMMEDIATE PAYMENT FOR ALL DAMAGES AND A RENTAL CAR AT YOUR EXPENSE! IF THIS IS NOT RESOLVED WITHIN 24 HOURS, MY LAWYERS WILL BE IN CONTACT, AND I WILL BE FILING A COMPLAINT WITH THE 'LIVRO DE RECLAMAÇÕES'! | third_party_driver: I was reversing slowly out of my parking spot. I barely touched the Hyundai behind me, going less than 5 km/h. There was a very light bump. My vehicle has no damage. I checked the Hyundai and only saw a minor dent and a superficial scratch on their rear bumper. No glass damage or cracks whatsoever.",1
PT-001-2026-001,"detected_damages: dent, scratch | insured_driver: Dude, it was like, totally not my fault, you know? I was just stopped at the traffic light on Rua de Santa Catarina, minding my own business, and then BAM! This guy just goes into my rear. My Clio, like, has a dent and a big scratch now. It's gonna be super expensive, right? I'm so worried. | third_party_driver: At approximately 14:30 on November 12, 2026, my vehicle, a VW Golf, impacted the rear of a Renault Clio. The incident occurred due to a momentary lapse in attention on my part, causing a low-speed collision. Damage is observed on the front bumper of my vehicle and the rear bumper of the insured's vehicle, consisting primarily of a dent and associated superficial scratches.",0
PT-001-2026-002,"detected_damages: scratch | insured_driver: Yeah, someone hit my car in the parking lot. It was, uh, sometime yesterday afternoon. I just came back and saw the damage. It's quite significant, not just a scratch, but a deep dent on the side, and I think the rear lamp is broken too. It's a real mess.",1
PT-001-2026-003,"detected_damages: dent, scratch | insured_driver: I was proceeding southbound on the A2 highway, maintaining a constant speed of 100 km/h in the right lane. Suddenly, a dark grey Audi A3 abruptly cut in front of my Opel Corsa from the left lane, then braked sharply without warning. I had no opportunity to react, despite having ample following distance. My vehicle sustained impact to the front right, resulting in a dent, several scratches, and a clearly shattered headlight lens. I confirm I had not consumed any alcohol and was not distracted. | third_party_driver: I was driving my Audi A3, merging onto the A2 near Setúbal. I recall a vehicle behind me, but I didn't perceive any sudden braking or unsafe maneuver. I felt a slight bump and then saw the Opel Corsa behind me. I believe they may have been following too closely. My vehicle has no significant damage.",1
PT-001-2026-004,"detected_damages: scratch, dent | insured_driver: The incident occurred on Avenida da Liberdade at approximately 10:15, November 15, 2026. My vehicle, a Peugeot 208, was proceeding northbound when a commercial van attempted an unsafe lane change from the right lane into my path. This resulted in a side-swipe contact along the passenger side of my vehicle, causing a prominent scratch and a minor dent to the rear passenger door. | third_party_driver: Man, I'm so sorry, like, for real. I was just trying to get into the left lane, you know? And I swear I checked my mirrors, but I just didn't see the Peugeot. My van scraped against his door, and now he's got a scratch and a small dent. This is gonna be a nightmare with my boss, pá.",0
PT-001-2026-005,"detected_damages: dent | insured_driver: I WAS AT THE ROUNDABOUT NEAR ESTÁDIO DO DRAGÃO AND SOME IDIOT REAR-ENDED MY NISSAN QASHQAI! IT'S NOT JUST A DENT, IT'S A MAJOR IMPACT! THE TAILLIGHT IS BROKEN, AND THERE'S A HUGE CRACK ON THE BUMPER! THIS IS UNACCEPTABLE! I DEMAND IMMEDIATE PROCESSING AND FULL COMPENSATION! I WILL CONTACT MY LAWYER AND THE LIVRO DE RECLAMAÇÕES IF THIS IS NOT RESOLVED TODAY!",1
PT-001-2026-006,"detected_damages: dent, scratch, crack | insured_driver: I was driving late at night, on a country road outside Évora. A car, I couldn't really see the make or model, just came out of nowhere from a side road without stopping. I swerved to avoid it and hit... something. It was dark. My car, a Fiat Tipo, has significant damage now. A large dent on the front, multiple scratches, and a crack on the bumper. The other car just drove off, really fast.",1
PT-001-2026-007,"detected_damages: dent, scratch | insured_driver: Oh dear, it was such a lovely day, I was just driving my little Citroën C3, you know, heading to Largo do Carmo to meet my daughter Ana for a coffee. The traffic light was green, I swear it was, and then this young man just came from the side. He must have been rushing. My car has a dent on the passenger side door, and a scratch, like the one my grandson made when he was playing with his toy cars, bless him. So, so stressful, isn't it? My blood pressure went right up. | impartial_witness: I was sitting at the outdoor café on Largo do Carmo, facing the intersection. I observed a white Citroën C3 proceeding through what appeared to be a green light. Simultaneously, a dark grey van entered the intersection, failing to yield. A minor collision occurred. The Citroën sustained a dent and a scratch on the right side door. The impact was not severe.",0
PT-001-2026-008,"detected_damages: dent, scratch | insured_driver: I was attempting to exit a parking spot in the supermarket car park in Cascais, operating my Ford Fiesta. The driver of a grey Nissan Juke directly opposite me made eye contact and provided a clear 'wave-in' gesture, indicating I should proceed. As I cautiously reversed, the Nissan Juke driver then unexpectedly accelerated forward, striking my vehicle on the rear driver's side. The impact caused a significant dent, multiple scratches, and unfortunately, the rear window completely shattered. Their actions were clearly negligent. | third_party_driver: I was waiting for the Ford Fiesta to reverse out of its space. I might have made a gesture, but it was not an indication to proceed, merely a general acknowledgement. I then began to move forward slowly, and the Fiesta reversed directly into my path. My Nissan Juke sustained only minor cosmetic damage. I did not accelerate aggressively, and the claim of a shattered window on their vehicle seems excessive for the minimal impact.",1
PT-001-2026-009,"detected_damages: scratch | insured_driver: Oh man, this is so awkward, like, I totally misjudged the pillar in the Praça do Comércio parking, you know? I was trying to park my SEAT Ibiza and just scraped the side. It's just a scratch, a really long one, but it's totally my fault. My dad's gonna kill me, pá. | impartial_witness: Well, I was just walking by, you see, going to get my tram ticket after seeing the Arcos da Rua Augusta. This young lad, he was in a white SEAT, seemed a bit flustered. He just scraped his car right against the concrete pillar while trying to park. Just a long scratch on the side door, nothing too serious, but he looked quite upset, poor thing.",0
PT-001-2026-010,"detected_damages: dent | insured_driver: My car, a Renault Mégane, got hit, uh, by a pole. It was a tight street, near São Bento, maybe late evening yesterday. It was a tricky turn. I wasn't really focusing on the time. The front bumper is definitely dented, and the headlight is completely broken. It's going to be costly.",1
PT-LBN-2026-001,"detected_damages: dent, scratch | insured_driver: Dude, it was like, totally my fault, you know? I was just trying to park my Clio at the shopping center in Colombo, and I misjudged the distance. I swear I was going super slow, like, 5 km/h max. Just a small bump, but now there's this dent and some scratches on the bumper. My dad is gonna kill me, man, this is so complicated, like, what do I even do now?",0
PT-PRT-2026-002,"detected_damages: dent, lamp broken | insured_driver: At approximately 14:30 on October 24th, 2026, while proceeding eastbound on Avenida da Boavista, my vehicle, a BMW 320d, was struck from the rear. I was stationary at a red traffic light near the Rotunda da Boavista. The impact occurred at a low velocity, estimated at under 20 km/h. Visual assessment indicates a dent to the rear bumper and the fracture of the left taillight assembly. No personal injuries reported. | third_party_driver: Yes, I confirm the incident. I was distracted for a moment and failed to brake in time. My vehicle, a Mercedes C-Class, sustained minor front bumper damage. I apologize for the inconvenience.",0
PT-FNC-2026-003,"detected_damages: scratch, dent, crack | insured_driver: Oh, my dear, it was such a fright! I was just driving my little Citroën C3, you know, going to visit my sister in Monte to bring her some fresh poncha, and the road, my goodness, it's so narrow there, like a goat path. And this big delivery van, a huge thing, came around the corner too fast, I think. We brushed. I tried to hug the wall but it was too late. Now there's a long scratch and a dent on my side, and I think the mirror has a tiny crack. Poor thing. It wasn't raining much, just a bit cloudy, perfect for a drive really. My grandchildren always tell me to be careful, and look what happened. I'm just glad nobody got hurt.",0
PT-AGR-2026-004,"detected_damages: dent, scratch | insured_driver: Yeah, someone hit my car. It was in a parking lot, near a restaurant, around lunchtime, I guess. I came back and saw the damage. The front bumper, it's really messed up. A big dent, lots of scratches. And the headlight, it's completely broken, shattered even. And the side mirror glass, shattered too. It's really bad. I need this fixed quickly, please.",1
PT-STB-2026-005,"detected_damages: dent, scratch | insured_driver: I was proceeding southbound on EN10, approaching the intersection with Rua de São Francisco, at a constant speed of 45 km/h, well within the posted limit. I had not consumed any alcoholic beverages. The third-party vehicle, a white Opel Corsa, signaled for me to proceed, appearing to yield. Based on this visual cue, I initiated the maneuver. However, the Opel then accelerated, impacting the front passenger side of my vehicle, a Ford Focus. The impact resulted in a substantial dent and deep scratches to the door panel, and critically, the passenger side window completely shattered. My reaction time was optimal; this was an unavoidable collision after being waved through. | third_party_driver: He just came out. I didn't wave him, I don't know what he's talking about. I was trying to turn left. He hit me.",1
PT-CBR-2026-006,"detected_damages: dent, scratch | insured_driver: My car, a Renault Mégane, got hit last night. I parked it somewhere around downtown, maybe near Praça do Comércio, I don't remember the exact spot, it was late. When I came back this morning, it had a big dent and long scratches on the driver's side door. It must have been another car that scraped it and drove off. It needs a full repair, the door is really bad. I don't know who did it, it was dark.",1
PT-AVE-2026-007,"detected_damages: dent, scratch | insured_driver: Like, oh my god, I was just driving on that big avenue, you know, in Aveiro, going to meet my friends for lunch at the Forum. And traffic just stopped so fast, and I was just looking at my GPS for a second, man, and then, BUM! I totally just, like, tapped the car in front. It wasn't fast, maybe 10 km/h? Now my bumper has a dent and a scratch. This is so annoying, dude. I hope it's not too expensive to fix, you know? I'm so stressed about this.",0
PT-FAO-2026-008,"detected_damages: dent, scratch, lamp broken | insured_driver: THIS WAS A HUGE ACCIDENT! I was driving my Mercedes A-Class on Rua do Bocage, and this idiot in a scooter just swerved into me, you know? It was NOT MY FAULT! There's a big DENT on my fender, and SCRATCHES all down the side, and the HEADLIGHT IS BROKEN! And the WINDSHIELD IS SHATTERED from the impact! You need to process this IMMEDIATELY! I'm calling my LAWYER and I'm going to the 'LIVRO DE RECLAMAÇÕES' if this isn't handled fast. This is unacceptable! I want my car fixed YESTERDAY!",1
PT-LGZ-2026-009,"detected_damages: dent, scratch, lamp broken | insured_driver: I was operating my vehicle, a Peugeot 308, on EN125, maintaining a safe following distance and speed of 60 km/h. My brakes were functioning optimally, and I am a licensed driver with no prior infractions. A dark grey Seat Ibiza suddenly cut in front of my vehicle from the adjacent lane without signaling, then immediately engaged emergency braking without discernible cause. Despite my swift and appropriate defensive maneuvers, I was unable to prevent a front-end collision. The impact caused significant damage to my front bumper, a dent to the hood, a completely shattered front lamp, and notably, the windshield experienced a complete spider-web glass shatter. This was a deliberate and reckless action by the other party.",1
PT-EVR-2026-010,"detected_damages: dent, scratch | insured_driver: At approximately 03:15 hours on November 20th, 2026, while my vehicle, an Audi A4, was legally parked on Avenida Dr. Francisco Barahona, adjacent to number 15, an unknown vehicle collided with the rear driver's side. The impact caused a discernible dent and extensive scratches across the rear quarter panel and bumper. The offending party failed to leave any contact information and absconded from the scene. My vehicle was secure and stationary at the time of the incident. There were no witnesses present during the event, nor were there any functional surveillance cameras within the immediate vicinity. This constitutes a clear hit-and-run incident requiring full compensation for damages.",1
PT-001-2026-001,"detected_damages: dent, scratch | insured_driver: Oh man, like, I was just driving home on Avenida da Liberdade, you know, and suddenly the car in front just totally slammed on their brakes, like, for no reason. I tried to stop, I swear, but I just clipped them. My front bumper's got a pretty big dent and a bunch of scratches. I'm so worried about the costs, pá. This is my first accident. | third_party_driver: I was proceeding normally when the vehicle behind me failed to maintain a safe distance and impacted my rear. My bumper has a dent and some scratches. The driver seemed quite nervous.",0
PT-001-2026-002,"detected_damages: scratch, dent | insured_driver: Yeah, so I was parking in Parque da Cidade, you know, just trying to get into a spot, and I heard a scrape. Didn't see anyone, obviously. My front side got a scratch and a dent. Also, I think the front lamp is completely broken now. This needs to be fixed quickly. | impartial_witness: I was walking my dog and saw the lady's car hit the concrete pillar, not another car. It was just a minor scrape. I didn't see any lamps broken, just a small scratch and maybe a dent on the bumper.",1
PT-001-2026-003,"detected_damages: dent, scratch | insured_driver: I was proceeding northbound on the N125 at a consistent speed of 80 km/h, well within the legal limit. I had not consumed any alcoholic beverages. Suddenly, a vehicle, a black Renault Clio, aggressively cut into my lane directly in front of me, decelerating sharply. Despite my immediate and appropriate braking action, contact was unavoidable. My front right received a dent and a scratch, and I believe the side mirror glass shattered on impact due to the severity. | third_party_driver: I was merging onto the N125 and indicating left. The Audi behind me seemed to speed up rather than slow down to let me in. He hit my rear-left quarter. There's a dent and some paint scratches on my car. He's trying to blame me. | impartial_witness: I was in the car behind and saw the black Clio try to merge. The Audi seemed to close the gap on purpose, then braked hard. It looked like a minor bump. I only saw a dent and a scratch on the Audi's front, definitely no broken glass from the side mirror.",1
PT-001-2026-004,"detected_damages: dent, glass shatter, scratch | insured_driver: At approximately 14:30, I was traversing Praça da República in Coimbra, approaching the intersection from Rua da Sofia. My traffic signal was green. Vehicle B, a Ford Focus, failed to yield from Rua Ferreira Borges, proceeding into the intersection. Impact occurred to my vehicle's front right quarter. Damage includes significant denting, paint abrasions, and the shattering of the passenger side headlight assembly glass. Airbag deployment was not initiated. | third_party_driver: I misjudged the light at Praça da República. I thought I had time to cross. The Mercedes hit my front left. My bumper is dented and scraped, and my headlight is broken. It was my fault, I admit.",0
PT-001-2026-005,"detected_damages: dent | insured_driver: I WAS AT THE TRAFFIC LIGHT ON RUA DA REPÚBLICA. THE CAR BEHIND ME JUST SLAMMED INTO MY BUMPER! IT WASN'T HARD, BUT LOOK AT THE DAMAGE! THERE'S A HUGE DENT, AND I'M PRETTY SURE THE TAIL LIGHT IS BROKEN AND THE REAR WINDOW HAS A CRACK NOW! THIS IS RIDICULOUS! I DEMAND THIS IS PROCESSED IMMEDIATELY, OR I WILL CALL MY LAWYER AND THE LIVRO DE RECLAMAÇÕES! | third_party_driver: I was distracted for a second and just lightly nudged the car in front. It was barely a tap, maybe 5 km/h. There's a small dent on their bumper, that's all. No lights were broken, and definitely no window damage.",1
PT-001-2026-006,"detected_damages: crack, dent, scratch | insured_driver: I was proceeding southbound on the A28 at a speed of 100 km/h when, without warning, a dark blue van swerved abruptly into my lane from the right, forcing me to take evasive action. To avoid a direct collision, I steered sharply to the left. The van continued at high speed and did not stop. My vehicle impacted the guardrail on the median. The front bumper has a significant dent and multiple scratches, there's a crack in the headlight assembly, and the left front lamp is clearly broken. This was entirely due to the actions of the phantom vehicle. | impartial_witness: I was driving a few cars behind and didn't see any blue van. The BMW just seemed to lose control for a moment and veered into the guardrail on its own. It looked like a pretty hard hit, there was a dent, some scratches, and a crack. I couldn't see if any lamps were broken.",1
PT-001-2026-007,"detected_damages: dent, scratch, lamp broken | insured_driver: Oh, it was terrible, you know, I was just trying to park my little Dacia in Praça de Santiago, after having lunch with my grandkids, God bless them, they wanted to see the castle, and it was a lovely sunny day really. I just didn't see that pole, it just jumped out at me, I swear. My poor car, it has a big dent on the side, and lots of scratches from the scraping, and the tail light, the one on the left, it's completely smashed now. My wife is going to kill me, she loves this car. I always say these new cars are too big for parking spaces.",0
PT-001-2026-008,"detected_damages: scratch | insured_driver: So I was driving on Avenida Luísa Todi, you know, just a normal day. This other car, a small one, like a Corsa or something, was pulling out from a parking spot. The driver waved me to go, so I went, and then they just hit my side. My whole side mirror shattered, and the passenger window is cracked. Plus, the side panel is all scratched up, and the indicator lamp is broken. It's really bad, I need this fixed ASAP. | third_party_driver: I was pulling out, slowly, and I signaled to the Fiat that she could pass. She just drove right into my side mirror, it was a minor scrape, maybe 10 km/h. There's only a scratch on her door, nothing else. She's claiming a lot more damage than what happened. | impartial_witness: I was sitting at a café nearby. I saw the Fiat driver get waved through. It was a very light side-swipe. I only saw a scratch on the Fiat's door, maybe an inch long. No glass broke, no lamps were damaged. The Fiat driver seemed very upset and was looking at her car very intensely.",1
PT-001-2026-009,"detected_damages: dent, crack, lamp broken | insured_driver: Dude, I was just driving on the N114 outside Évora, heading to visit my grandparents, you know, and suddenly this HUGE wild boar just ran out into the road from the fields! I didn't even have time to brake properly, pá. I hit it, like, hard. My front bumper is totally dented, and the headlight glass has a big crack. The fog lamp is definitely broken too. I'm so shaken up, I hope it's not too expensive to fix, man. | impartial_witness: I was driving behind the Clio. A very large wild boar ran across the road. The Clio hit it. The car's front seemed pretty damaged, I could see a dent and what looked like a crack in a light. It was a serious impact with the animal.",0
PT-001-2026-010,"detected_damages: dent, scratch | insured_driver: I WAS DRIVING ON THE VIA RÁPIDA IN FUNCHAL. SOME IDIOT IN A WHITE VAN JUST SWERVED IN FRONT OF ME FOR NO REASON! I HAD TO SWERVE TO AVOID THEM AND HIT THE BARRIER! NOW MY FRONT BUMPER IS DENTED, SCRATCHED, THE HEADLIGHT IS BROKEN AND THE WINDSCREEN HAS A MASSIVE CRACK! THIS IS UNACCEPTABLE! I WANT THIS CLAIM SETTLED BY END OF DAY, OR I WILL BE FILING A COMPLAINT WITH MY LAWYER AND EVERY REGULATORY BODY IMAGINABLE! DO NOT DARE QUESTION MY ACCOUNT! | impartial_witness: I was a few cars behind on the VR1. I didn't see any white van swerve. The Golf just seemed to lose control slightly and brushed against the concrete barrier. It looked like a minor impact, causing a dent and some scratches on the side. There was no broken glass or headlights from what I could see.",1
PT-LIS-2026-001,"detected_damages: dent, scratch | insured_driver: Oh man, like, I was just driving, you know, totally normal, maybe 40 km/h? And the car in front just, like, slammed on their brakes for no reason! I tried to stop, I really did, but I couldn't. I just bumped them. Now my car has a dent and a scratch, and I'm so worried about the insurance, dude. This is going to be expensive, right? | third_party_driver: Vehicle A, a Renault Clio, impacted the rear of my VW Golf at approximately 15:35 on Avenida da Liberdade. I was decelerating to yield to a pedestrian at a crossing point when the impact occurred. Damage observed on my vehicle includes a noticeable dent to the rear bumper and some associated paint scratches. The driver of Vehicle A seemed visibly distressed.",0
PT-POR-2026-002,"detected_damages: scratch | insured_driver: Some idiot hit my car in the parking lot. I parked it, went inside, came back, and BOOM, damage. It's ridiculous. My front right bumper has a huge dent, and the headlamp is definitely broken, too. There's a scratch there, of course. I just want this sorted out. It must have happened between, like, 14:00 and 16:00. These things happen all the time, right?",1
PT-COI-2026-003,"detected_damages: scratch, dent | insured_driver: At approximately 10:10, while proceeding north on Rua Larga at a speed of 25 km/h, a Fiat Punto (Vehicle B) attempted to merge from the right lane without adequate clearance. My vehicle sustained a scratch along the passenger side rear door and a minor dent to the wheel arch. I immediately applied the brakes to prevent further contact. No injuries were sustained. | third_party_driver: Yeah, like, I was trying to change lanes, you know? The traffic was heavy, and I thought I had space, but this Audi just, like, appeared really fast. My bad, I guess. I heard a scraping sound. I think my side mirror got scratched, and I saw a scratch and a small dent on their car, man. It's a mess, I hope it's not too bad for my premiums.",0
PT-FAR-2026-004,"detected_damages: dent | insured_driver: I was operating my vehicle, a BMW 3 Series, on the N125 at a controlled speed of 70 km/h. Suddenly, a dark-coloured Opel Corsa (Vehicle B) swerved sharply in front of me and braked aggressively. Despite my immediate and full application of braking force, I was unable to prevent a low-speed impact. My vehicle suffered a minor dent to the front bumper. I also experienced immediate and significant neck pain due to the sudden deceleration. I can confirm I had not consumed any alcohol prior to the incident. | third_party_driver: My vehicle, an Opel Corsa, was proceeding southbound on N125. An unforeseen traffic obstruction ahead required immediate and safe deceleration. Vehicle A, a BMW, was following too closely and failed to maintain an adequate stopping distance, resulting in a minor rear-end collision. The impact was minimal, resulting in a small dent on my rear bumper. I verify that my braking was justified and my vehicle's brake lights were fully functional. I also confirm I was not speeding, maintaining a constant 70 km/h.",1
PT-BRA-2026-005,"detected_damages: dent | insured_driver: SOME IDIOT HIT ME WHILE I WAS PARKING! MY FRONT BUMPER IS COMPLETELY DENTED, AND THE HEADLIGHT IS BROKEN! I'M PRETTY SURE THE WINDSHIELD HAS A CRACK NOW TOO, FROM THE SHOCK! THIS IS UNACCEPTABLE! I WANT THIS FIXED IMMEDIATELY, NO DELAYS. IF NOT, I'M CALLING MY LAWYER AND GOING STRAIGHT TO THE 'LIVRO DE RECLAMAÇÕES'! DON'T WASTE MY TIME!",1
PT-SET-2026-006,"detected_damages: scratch | insured_driver: Oh dear, it was such a lovely day, I was just going to the market to buy some fresh fish for dinner, you know, my grandchildren love my bacalhau à brás. And I was backing into a spot, very slowly, maybe 5 km/h, because my eyes aren't what they used to be, and I just heard a little *scrape*. I think I brushed against one of those concrete pillars. It's just a little scratch on the back bumper, but my husband, Carlos, he'll be so cross, he loves this car, it's our only one. Can you help me with this, please? I don't really understand how these things work.",0
PT-LEI-2026-007,"detected_damages: dent, scratch | insured_driver: I was driving on the IC2 bypass around 20:00. It was dark, and suddenly, this car, I don't know, a dark sedan maybe, just came out of nowhere from the side road. It hit my passenger side. The impact caused a dent and some scratches. It didn't stop, just drove off really fast. I couldn't get the license plate, it was too quick. My car needs repairs, please. Can we get this processed quickly? It's a significant dent and scratch.",1
PT-EVO-2026-008,"detected_damages: dent, scratch, lamp broken | insured_driver: I WAS WAITING TO TURN LEFT AT THE INTERSECTION, AND THE OTHER DRIVER, IN A DACIA, CLEARLY WAVED ME THROUGH! I PROCEEDED CAREFULLY, BUT HE STILL HIT ME! MY FRONT BUMPER IS DENTED, HEADLAMP IS BROKEN, AND THERE ARE DEEP SCRATCHES! THIS IS HIS FAULT! I DEMAND A QUICK RESOLUTION AND FULL COMPENSATION FOR ALL DAMAGES! NO QUESTIONS ASKED! I WILL CONTACT THE 'LIVRO DE RECLAMAÇÕES' IF THIS ISN'T SETTLED FAST! | third_party_driver: I observed Vehicle A, a Citroën C3, attempting a left turn. Out of courtesy, and believing there was ample time and space, I executed a hand gesture implying permission for Vehicle A to proceed. However, Vehicle A accelerated with unexpected rapidity, resulting in an unavoidable low-velocity impact with the front right side of my vehicle. My front bumper sustained a minor dent and scratch. I acted in good faith; the collision was the result of Vehicle A's misinterpretation and excessive speed, approximately 10 km/h.",1
PT-VIS-2026-009,"detected_damages: scratch | insured_driver: At approximately 16:45, after successfully completing a parking maneuver, an unforeseen structural integrity failure of the adjacent parking barrier resulted in a lateral impact with my passenger side rear. This caused not only a significant scratch, but also a clearly identifiable dent on the panel and a catastrophic rupture of the passenger side tail lamp assembly. Furthermore, the acoustic shockwave generated by the impact resulted in a hairline crack propagating across the rear window glass. I require full reparations for all these damages, which are directly attributable to this incident.",1
PT-AVE-2026-010,"detected_damages: dent, lamp broken | insured_driver: I was maintaining a consistent speed of 100 km/h on the A25, approximately 2 km past the Vista Alegre exit, at 03:15. Due to the complete absence of ambient lighting and a sudden, unidentifiable object in my lane, which I can only describe as a fast-moving, unlit vehicle of indeterminate make, I was forced into an evasive maneuver. This resulted in a glancing impact with said phantom vehicle. My front left fender exhibits a substantial dent, and the left headlamp is definitively broken. I assure you that my vehicle's lighting system was fully operational, and I was neither under the influence nor distracted. The other vehicle departed the scene without stopping, making identification impossible.",1
PT-LIS-2026-001,"detected_damages: dent, scratch | insured_driver: Oh man, like, I was just trying to find parking near Praça do Comércio, you know? And this dude, he just kinda stopped really suddenly. I think I was going like, 15 km/h, nothing fast, but I just clipped his bumper. There's a dent, like, a proper dent, and a scratch, a long one, on my front bumper. I'm so worried about the costs, pá, my parents are gonna kill me! | third_party_driver: I was stationary, waiting for a pedestrian to cross, when the insured vehicle impacted my rear bumper. The speed of impact was low. Visual inspection indicates a superficial dent and an associated paint scratch on my vehicle's rear bumper. No other damages are noted. Driver of the Renault appeared distressed.",0
PT-PRT-2026-002,"detected_damages: scratch, dent | insured_driver: I was making a turn onto Rua de Santa Catarina, and the other car, a Mercedes, was coming out of a parking spot too fast. They just scraped my side, right along the passenger door. There's a really noticeable scratch and a small dent. It was an honest mistake, both of us were probably a bit distracted. Just want to get it fixed efficiently. | third_party_driver: The incident occurred at approximately 14:30. I was exiting a parallel parking space, exercising due caution. The Opel Corsa, whilst executing a left turn, misjudged the clearance, resulting in a side-swipe contact. My front passenger side panel sustained a linear scratch and a minor dent. No impairment to vehicle operation or safety systems.",0
PT-COI-2026-003,"detected_damages: dent | insured_driver: Oh dear, it was just after I'd picked up the grandchildren from school, you see. I was reversing out of the car park at the Fórum Coimbra, being ever so careful. The sun was right in my eyes, just like it was yesterday morning when I went to the market, and I just nudged the pillar, a bit too close. Just a little dent on the rear bumper, but it makes me so cross with myself. My husband, bless his soul, would always tell me to take my time.",0
PT-FAR-2026-004,"detected_damages: dent, scratch | insured_driver: Someone barely tapped me from behind. Just a small tap, but my rear window completely shattered, and the right tail lamp is broken. It's a disaster. I need the full repair. Didn't get their details properly, they just drove off very fast after it happened. I was just near the market.",1
PT-AVE-2026-005,"detected_damages: dent, scratch | insured_driver: I was maintaining a constant speed of 50 km/h on the right lane, heading towards the university. A dark blue Ford Focus suddenly swerved in front of me from the left lane, braking sharply without any signal. I reacted instantly, applying full braking force, but collision was unavoidable. My front right lamp completely shattered, and the bumper sustained severe structural deformation. My breathalyzer test would confirm zero alcohol, as I always operate my vehicle responsibly. | third_party_driver: The Citroën just drove into my rear. I had to brake because a dog ran onto the road. There's only a small mark on my bumper. The other driver seemed very agitated and was already talking about a 'shattered lamp' before anyone really looked.",1
PT-BRA-2026-006,"detected_damages: dent, scratch | insured_driver: I HAD THE RIGHT OF WAY! This idiot in the red car CAME OUT OF NOWHERE and hit my side! The impact was MASSIVE! My passenger window is COMPLETELY SHATTERED, and the headlamp on that side is GONE! I'm calling my lawyer and the Livro de Reclamações if this isn't sorted out IMMEDIATELY! This is UNACCEPTABLE! | third_party_driver: I was making a left turn, and the BMW was speeding. I admit I might have misjudged the distance slightly, but he hit my front, not my side. There's only a scratch on his car, I don't see any glass shatter or a broken lamp. He was shouting from the moment he got out of his car.",1
PT-CAS-2026-007,"detected_damages: dent, scratch | insured_driver: I was driving home, just past the roundabout, when this large black van came out of nowhere, swerving into my lane. I had to violently pull the steering wheel to avoid it, and I clipped the curb hard. My front right passenger window completely shattered, and there's a deep crack in the door itself. The van just sped off, didn't even stop. It happened so fast, I couldn't get any details. It was around dinner time, I think.",1
PT-SET-2026-008,"detected_damages: dent, lamp broken | insured_driver: Oh God, I'm so shaken, pá. I was approaching the traffic lights, you know, the ones near the Mercado do Livramento. It turned green, I swear! And then this other car, a small grey one, just came straight through the red. I swerved but couldn't avoid it. There's like, a big dent on my front right fender, and my headlamp is definitely broken. I really hope my insurance covers this, I can't afford a huge bill. | third_party_driver: I maintain that the traffic light was amber. I was proceeding through the intersection at a safe speed of approximately 30 km/h. The Seat Ibiza initiated movement prematurely. The impact was to the front left side of the Ibiza. I observed a dent and a fractured headlamp casing. My vehicle sustained minor scuffing. | impartial_witness: I was waiting at the bus stop, just watching people, when the light for the Dacia definitely went red. The Dacia accelerated instead of stopping. The Seat then hit it. The Seat has a smashed light and a dent. The Dacia only a small mark. It was very clear the Dacia ran the red light.",0
PT-VIS-2026-009,"detected_damages: scratch | insured_driver: Someone scraped my car while I was parked at the shopping center. It's just awful. There's a huge scratch on the rear door, and a big crack right through the window. I really need that window replaced. I didn't see who did it, just came back to find it like this.",1
PT-EVO-2026-010,"detected_damages: dent | insured_driver: I was slowing down for the pedestrian crossing, well within the 30 km/h limit, when I felt a sudden impact from behind. It was a minor tap, but the force caused my rear windscreen to completely shatter, and both my taillights are now broken. I believe the other driver was not paying attention. I specifically checked my speedometer just moments before, I was not exceeding the limit. | third_party_driver: I was looking for a parking spot when the Skoda in front of me braked hard for no clear reason. I barely touched his bumper, a very light contact. I saw a small dent, but certainly no shattered window or broken lamps. The driver immediately got out claiming extensive damage.",1
PT-ACC-2026-001,"detected_damages: dent, scratch | insured_driver: Dude, like, I was just driving, you know? And this guy just braked suddenly in front of me, like, near Campo Pequeno. I couldn't stop, man. My car, it's got a dent and a scratch, I think. Will insurance cover this, like, fully? I'm so stressed about the costs, pá. | third_party_driver: The vehicle behind, a Renault Clio, failed to maintain a safe distance. I was decelerating to halt at the traffic light on Avenida da República. Impact occurred at approximately 15 km/h. Minor dent to my rear bumper.",0
PT-ACC-2026-002,"detected_damages: scratch, dent | insured_driver: SOMEONE HIT MY CAR IN THE PARKING LOT ON RUA DE SANTA CATARINA! I CAME BACK AND IT WAS SCRATCHED AND DENTED, AND MY LEFT HEADLAMP IS BROKEN! I NEED THIS FIXED IMMEDIATELY! IF NOT, I WILL GO TO THE 'LIVRO DE RECLAMAÇÕES' AND GET MY LAWYER INVOLVED! THIS IS RIDICULOUS! | impartial_witness: Oh, coitadinho, I saw a little silver car, I think it was a Fiat, near the Bolhão market, just a tiny scratch and a dent on the side. Nobody else was around, it must have been a hit and run by some inconsiderate person. My grandson, he told me to tell you this, because it's important to be honest, you know. It was just a small mark, like when you open the car door too fast.",1
PT-ACC-2026-003,"detected_damages: dent, scratch | insured_driver: I was proceeding north on the access road to Ponte 25 de Abril, maintaining a speed of 70 km/h. The third-party vehicle, a Mercedes, abruptly cut into my lane without signal, forcing an evasive maneuver. Despite my efforts, contact was made. My front right headlamp is broken, and there's a significant glass shatter on the passenger side window. I was not under the influence, nor was I distracted. My focus was entirely on the road ahead. | third_party_driver: I just changed lanes. This guy came out of nowhere. I barely touched his car. No big deal. Just a scratch. My car is fine. I need this dealt with quickly, I have important business.",1
PT-ACC-2026-004,"detected_damages: scratch, dent | insured_driver: While navigating the narrow section of Estrada Monumental near the hotel zone in Funchal, a delivery van, identified as a Ford Transit, encroached into my lane. This resulted in a side-swipe incident, causing a scratch and a dent to the left side of my vehicle. The incident occurred at approximately 30 km/h. | third_party_driver: Oh man, like, I was just trying to get around that bend, you know? And that Audi, like, it was really close to the curb, so I misjudged it, pá. Just a small scrape, I think. My boss is going to kill me. Is his car, like, really damaged? Mine's okay, just a little scratch.",0
PT-ACC-2026-005,"detected_damages: dent | insured_driver: I was driving, a car came out of nowhere, I had to swerve. It was a dark car, couldn't see the plate. My car hit something. It's got a big dent, and the front lamp is broken, and the windshield is shattered. I need to claim this. It happened somewhere near Arcos do Jardim. Just pay me, please.",1
PT-ACC-2026-006,"detected_damages: scratch | insured_driver: Oh my dear, I was just trying to park, you know, near Praça do Giraldo, it's always so busy there. I was going to get some pasteis de nata for my grandchildren, they love them so much. And I just, a little bit, touched the car behind me. It was a small car, I think a Corsa. My husband always told me to be careful, but I'm not as agile as I used to be. It was just a little scratch, nothing serious, but I felt bad, so I left my number. I hope he's not too upset. | third_party_driver: Vehicle Dacia Sandero made contact with my rear bumper while attempting a reverse parking maneuver at low speed, approximately 5 km/h. A minor scratch, approximately 10 cm in length, is observed. No structural damage.",0
PT-ACC-2026-007,"detected_damages: scratch | insured_driver: I was stopped at a light, then got hit from behind. This guy just wasn't paying attention. My car has a scratch, a crack on the bumper, and the rear lamp is broken. It happened on Avenida 5 de Outubro, in Faro. I need this fixed ASAP. I'm busy. | third_party_driver: Man, like, I totally messed up, you know? I was looking at the GPS, and just, like, tapped the car in front of me. It was super slow, maybe 10 km/h. I saw a tiny scratch on his bumper, pá. I hope he's not too mad.",1
PT-ACC-2026-008,"detected_damages: dent, scratch | insured_driver: I WAS WAVED IN BY THE OTHER DRIVER TO TURN LEFT AT ROTUNDA DO PAPA! THEN HE SUDDENLY ACCELERATED AND HIT ME! MY CAR IS DENTED, SCRATCHED, THE WINDSHIELD IS SHATTERED, AND MY LEFT HEADLAMP IS BROKEN! THIS IS CLEARLY HIS FAULT! I DEMAND IMMEDIATE ACTION AND NO HASSLE! I WILL NOT TOLERATE DELAYS! I'M ALREADY CONTACTING MY LAWYER! | third_party_driver: I approached the intersection at Rotunda do Papa and observed the insured vehicle, a Renault Mégane, attempting a left turn. My vehicle was stationary. The insured vehicle initiated the turn, despite me not providing any signal for him to proceed. He struck my front fender. My vehicle sustained minor superficial damage, primarily a dent and a scratch. I had not consumed any alcoholic beverages and was operating within legal parameters.",1
PT-ACC-2026-009,"detected_damages: dent | insured_driver: Oh my god, like, I was just driving really slowly, you know? On Rua João Mendonça, near the canals, and this guy, he just stepped out into the road without looking, pá. I braked really hard, but I, like, just barely touched him. He fell, but he seemed okay, just a bit shaken. My car has a small dent on the front bumper. Is he okay? Will I get a fine, dude? I'm so worried. | impartial_witness: Yes, I saw it, poor boy, it was quite sad. I was just heading to the bakery, like I do every morning, for my morning bread. The driver, a young girl, was going very slow, maybe 10 km/h, and the gentleman, he was looking at his phone, you know how these young people are. He just walked right out. The car barely nudged him, he just stumbled and fell. A small dent on the car, yes, I saw that. He seemed fine, just a bit of a shock, like when you drop your keys.",0
PT-ACC-2026-010,"detected_damages: dent, scratch | insured_driver: I was proceeding at a regulated speed of 30 km/h on Avenida V6 in Portimão. The preceding vehicle, a Renault Clio, executed an abrupt and unprovoked emergency stop. Despite immediate brake application, contact was unavoidable. The impact resulted in significant damage to my vehicle's front, including a shattered windshield and a broken right headlamp. I confirm I was operating the vehicle without impairment and maintaining full attention. | third_party_driver: Yeah, I stopped. He hit me. It was a really small bump, nothing much. Just a dent and a scratch on my bumper. My car is fine. I just need his insurance details. No big deal, right? Let's get this over with.",1
PT-AX1-2026-001,"detected_damages: dent, scratch | insured_driver: Oh man, like, I was just driving, you know, near Baixa-Chiado, and this dude just slammed into me from behind. I mean, I stopped at the red light, like, perfectly fine, and then BANG! My rear bumper has a huge dent and a bunch of scratches. I'm so anxious about the cost, pá, this is my first accident. Do I have to pay for all this? | third_party_driver: I was momentarily distracted by my GPS and failed to maintain a safe following distance. The vehicle in front of me, a Renault Clio, braked appropriately for the traffic signal. My vehicle made contact with the rear of the Clio. I observed a dent and some paint scratches on the rear bumper of the insured vehicle. My apologies for the inconvenience caused.",0
PT-BX2-2026-002,"detected_damages: scratch, dent | insured_driver: Yeah, I was just, uh, driving along. Someone just came out of nowhere, you know? Swerved into my lane. Didn't even see them, honestly. My front left is all messed up. There's a big scratch, a dent, and the headlamp is totally broken. Need this fixed ASAP. | third_party_driver: I was making a lane change on Aliados, with my indicator on. The Mercedes moved simultaneously. There was a minor side-swipe. I saw a scratch and a small dent on its fender. My vehicle has a scratch too. There was no damage to its lamps.",1
PT-CX3-2026-003,"detected_damages: dent | insured_driver: I was proceeding through the intersection at Praça da República at approximately 40 km/h. The traffic signal was unequivocally green in my direction. Vehicle B, a Citroën, then entered the intersection from the perpendicular street, disregarding the red signal, resulting in a T-bone impact to my front right fender. The force of the impact caused a significant dent and unfortunately, a glass shatter on my headlight assembly. I had not consumed any alcoholic beverages and was operating my vehicle well within the posted speed limits. | third_party_driver: I entered the intersection as the light for my direction had just turned green. The BMW, from the cross street, accelerated into the intersection, striking my vehicle's front corner. There was a minor dent on the BMW's fender. The impact was not severe enough to cause any glass damage, merely a slight fender dent. | impartial_witness: I was waiting to cross the road right there. It looked like both cars went into the intersection at the same time, when the light was changing, you know? It was a low-speed impact. I saw a dent on the BMW, but no glass flying or anything like that. Just a bump.",1
PT-DX4-2026-004,"detected_damages: dent, lamp broken | insured_driver: I was reversing out of a parking spot at the Forum Algarve shopping center. I checked my mirrors, but unfortunately, a pole was in my blind spot. I heard a crunch, and when I got out, I saw a dent in my rear bumper and my left taillight was completely broken. It was entirely my fault, regrettably. | impartial_witness: I was just putting my groceries in the boot of my car, and I saw a SEAT reversing slowly. It just tapped a concrete pillar. It definitely made a dent on the back and the taillight broke. No one else was involved, it was just the car and the pole.",0
PT-EX5-2026-005,"detected_damages: scratch | insured_driver: THIS OTHER DRIVER SWERVED INTO MY LANE WITHOUT WARNING! MY CAR, A BRAND NEW AUDI, IS COMPLETELY DAMAGED! THERE'S A HUGE SCRATCH ALONG THE SIDE, AND THE WINDSHIELD IS PRACTICALLY SHATTERED! I DEMAND IMMEDIATE RESOLUTION. I WILL CONTACT MY LAWYER AND THE 'LIVRO DE RECLAMAÇÕES' IF THIS ISN'T HANDLED INSTANTLY! | third_party_driver: I was changing lanes and misjudged the distance. My car scraped the side of the Audi. It was a very minor incident, just a paint scratch. There was no impact to the windshield or any glass on the Audi, just a superficial mark on the door panel.",1
PT-FX6-2026-006,"detected_damages: dent, scratch | insured_driver: I don't know, it happened so fast. I was just driving, maybe near that shopping center in Aveiro, and some car, I didn't get the make or model, just came up and hit my side mirror and fender, then sped off. There's a dent, a big scratch, and I think there's a small crack near the headlight too from the impact. It was, like, yesterday evening, I think.",1
PT-GX7-2026-007,"detected_damages: dent, scratch, crack | insured_driver: Oh dear, it was such a fright. I was just coming back from visiting my cousin, Maria, in Reguengos and I was a bit tired, you see. I was at Largo da Portagem, a busy place, and I thought the car in front was moving but it wasn't. Just a little bump, but it made quite a noise. My front bumper has a dent now, and a long scratch, and goodness me, the grille has a crack right in the middle. My spectacles were almost falling off, I tell you. It was a sunny day though, very pleasant otherwise. | third_party_driver: I was stationary in traffic in Évora, waiting to turn onto Rua do Almada. The vehicle behind me, a Dacia, made a very gentle contact with my rear bumper. There was no damage to my vehicle, but I observed a dent, a scratch, and a crack on the Dacia's front grille area. The driver seemed quite shaken.",0
PT-HX8-2026-008,"detected_damages: dent, scratch | insured_driver: I was maintaining a constant speed of 30 km/h on Avenida Luísa Todi. I observed a sudden, aggressive braking maneuver by Vehicle B ahead. Despite my prompt reaction, applying maximum brake pressure and engaging the anti-lock braking system, a rear-end collision was unavoidable. My front bumper sustained a substantial dent, several deep scratches, and the left headlamp housing suffered a critical fracture, rendering it non-functional. I confirm my full attentiveness and adherence to all traffic regulations prior to the incident. | third_party_driver: Indeed, I was driving my Renault Captur ahead of the Ford Focus. I had to brake sharply due to an unforeseen obstruction. The Focus, despite the driver's evident best efforts, was unable to stop in time, making contact with my rear. I observed a clear dent, significant scratches, and the driver's left headlamp was unequivocally broken from the impact. It was a regrettable but unavoidable accident.",1
PT-IX9-2026-009,"detected_damages: scratch | insured_driver: So, like, I was just trying to park, you know, near the castle in Guimarães, and I misjudged the wall, dude. It was totally a tight spot, pá. I just kinda scraped the side. But it's, like, a really bad scratch now, and I think there's a proper dent too, a deep one. It's gonna be super expensive to fix, right? Like, my whole door panel is messed up.",1
PT-JX0-2026-010,"detected_damages: scratch | insured_driver: SOMEONE HIT MY CAR ON THE MARGINAL AND JUST FLED THE SCENE! MY TESLA MODEL 3 IS DAMAGED! THERE'S A HUGE SCRATCH ON THE PASSENGER DOOR, AND BOTH THE WINDOW IS SHATTERED AND THE HEADLAMP IS BROKEN! THIS IS UNACCEPTABLE. I DEMAND THIS BE PROCESSED IMMEDIATELY. NO WITNESSES, THEY WERE DRIVING TOO FAST. YOU NEED TO SORT THIS OUT NOW OR I'LL TAKE THIS TO THE HIGHEST AUTHORITIES! GET THIS FIXED TODAY!",1
PT-LIS-2026-001,"detected_damages: dent, scratch | insured_driver: Oh man, like, I was just trying to park, you know, near Terreiro do Paço, and I totally misjudged the pillar. It was, like, a super slow bump, but now there's this weird dent and a scratch on the side. I'm so worried about the costs, dude. This is my first time dealing with insurance, it's so confusing.",0
PT-POR-2026-002,"detected_damages: scratch | insured_driver: It was a simple traffic stop near Trindade station, just a tap. Barely felt it, honestly. But when I got out, the rear bumper had a scratch, and now I'm seeing a significant dent too. My left rear lamp is also totally broken, it wasn't like that before. I need this processed fast.",1
PT-FAR-2026-003,"detected_damages: dent, scratch | insured_driver: On the EN125, northbound near the airport. Traffic was flowing at approximately 60 km/h. Vehicle in front, a silver Opel Corsa, braked abruptly without apparent cause. I initiated emergency braking maneuvers and maintained a safe following distance, but impact was unavoidable. Resulted in a dent and significant scratch on my front bumper. Furthermore, the right headlight is broken, and there's a visible crack on the grille. I consumed no alcohol and was not using my mobile device. My speed was within legal limits.",1
PT-COI-2026-004,"detected_damages: dent, scratch, lamp broken | insured_driver: The incident occurred at approximately 14:30 near Praça da República. I was proceeding straight when a vehicle, a black Ford Focus, attempted an unsignaled lane change from the right. This resulted in a side-swipe contact with my driver-side door. The impact caused a dent, paint scratches, and a broken indicator lamp on my vehicle. No injuries were sustained by myself. The other driver accepted fault at the scene.",0
PT-SET-2026-005,"detected_damages: scratch, dent | insured_driver: I was driving on Avenida Luísa Todi, doing 50 KM/H. SOME IDIOTIC DRIVER CAME OUT OF NOWHERE, NO LIGHTS, NO WARNING! I HAD TO SWERVE HARD TO AVOID THEM. My car hit the curb. NOW I HAVE A HUGE SCRATCH AND A DENT ON THE FRONT, AND MY WINDSHIELD IS COMPLETELY SHATTERED! THERE'S ALSO A CRACK ON THE HOOD! This is ridiculous! I NEED THIS SETTLED IMMEDIATELY! I WILL CALL MY LAWYER AND THE 'LIVRO DE RECLAMAÇÕES' IF THIS ISN'T HANDLED FAST!",1
PT-AVE-2026-006,"detected_damages: dent, scratch, crack | insured_driver: Well, hello there. It was a lovely Tuesday, I was going to visit my sister, Maria, in Ílhavo, you know, my little girl. And the weather was just perfect, not a cloud in the sky. I was at that big roundabout, the one with the bridges, trying to get to the A25, just after having a wonderful lunch with my husband, António. And then, out of nowhere, this young man, such a hurry these days, he just came right into my lane! My beautiful Nissan, it has a dent now, and a nasty scratch down the side, and a crack near the wheel arch. It's such a bother, isn't it?",0
PT-EVO-2026-007,"detected_damages: dent | insured_driver: I was attempting a parallel parking maneuver near the historic center. My vehicle made minor contact with a stone barrier. The impact was minimal, however, upon inspection, I observed a noticeable dent on the passenger door. Additionally, the side window now has a significant glass shatter and there's a deep scratch across the entire door panel. My apologies for any inconvenience, I can assure you I was proceeding at an extremely low velocity, under 5 km/h.",1
PT-VNO-2026-008,"detected_damages: dent, scratch | insured_driver: I was turning left from Avenida 25 de Abril, indicating clearly. The oncoming driver, in a dark blue Opel, waved me through, signaling it was safe. As I proceeded, they suddenly accelerated, striking my right front fender. It caused a significant dent and a nasty scratch. Also, my right front lamp is totally broken now, it's shattered. I don't recall the exact time, it was all a blur, but I definitely saw him wave. He must have changed his mind.",1
PT-ALG-2026-009,"detected_damages: scratch, lamp broken | insured_driver: Oh god, this is awful. I was just, like, looking for a parking spot on Rua 1º de Maio, you know? And the car in front of me, like, stopped really fast. I was going super slow, barely 10 km/h, but I just tapped them. Now there’s a scratch on my bumper and my front lamp is broken. I'm so stressed about my no-claims bonus, man. This is such a hassle, pá.",0
PT-BRG-2026-010,"detected_damages: dent, scratch | insured_driver: I was navigating Praça da República, driving responsibly at approximately 35 KM/H. A motorista completely ignored the STOP sign from a side street and nearly collided with me! I HAD TO SWERVE VIOLENTLY to avoid a head-on impact! My vehicle sustained a significant dent and a deep scratch on the passenger side from hitting a street sign. But WORSE, MY PASSENGER WINDOW IS SHATTERED and the right headlamp is BROKEN! This is UNACCEPTABLE! This phantom driver needs to be found, and MY DAMAGES PAID IMMEDIATELY! I expect a swift resolution and NO DELAYS!",1
PT-LIS-2026-001,"detected_damages: dent, scratch | insured_driver: Man, I was just like, driving slowly, you know? Like, totally stopped for the light on Avenida da Liberdade, and then BOOM! This other car just totally, like, hit me from behind. My bumper's, like, all dented and scratched now. I'm so worried about the costs, dude. | third_party_driver: At approximately 14:30 on Avenida da Liberdade, I misjudged the braking distance of the vehicle in front of me, a silver Fiat Punto, while approaching the traffic light. My vehicle made contact with its rear bumper. Visible damage includes a dent and minor superficial scratching. I accept full responsibility for the incident.",0
PT-POR-2026-002,"detected_damages: scratch | insured_driver: Yeah, so I was parking, like, some idiot, you know, just scraped my car. It was really bad. My front bumper is all scratched up, and I'm pretty sure there's a dent too. And my right front lamp, it's totally broken. I need this fixed ASAP, it's impacting my ability to drive. | third_party_driver: Dude, I swear I just like, nudged it. I was backing out, super slow, and barely touched their car. I only saw a tiny scratch, like, on the bumper. I don't get how it could be more than that.",1
PT-FAR-2026-003,"detected_damages: dent, lamp broken | insured_driver: I was proceeding eastbound on the N125 at a consistent speed of 80 km/h, well within the legal limit. Suddenly, a vehicle, a silver Renault Clio, swerved aggressively into my lane from the right, cutting me off directly. I had to apply emergency braking to avoid a collision, which then led to the vehicle behind me impacting my rear. My rear bumper sustained significant denting, and the left tail lamp is broken. I was not under the influence, nor was I distracted. | third_party_driver: I was traveling behind a white Ford Focus on the N125, maintaining a safe following distance. The Focus was abruptly cut off by a grey Clio, causing it to brake extremely hard without warning. I had insufficient time to react, despite my speed of approximately 75 km/h, and subsequently rear-ended the Focus. My front bumper has minor damage.",1
PT-CBR-2026-004,"detected_damages: scratch, dent | insured_driver: Oh dear, it was just terrible. I was going to pick up some codfish for my grandkids, you see, on Rua da Sofia, just near that lovely bakery. And the weather, it was just lovely, a bit cloudy but no rain. And then this young man, he just came out of nowhere, really, and scraped the side of my lovely Opel Corsa. My poor car has a big scratch, and a bit of a dent too, on the passenger side door. I told him he should be more careful, my husband always says... | third_party_driver: Like, I totally didn't see her, man. I was just, like, trying to turn right on Rua da Sofia and my car, like, just scraped hers. I saw a scratch, yeah, and maybe a small dent, I don't know. I'm so sorry, like, I didn't mean to.",0
PT-EVR-2026-005,"detected_damages: dent | insured_driver: I WAS BACKING OUT CAREFULLY IN THE ÉVORA PARKING LOT. THIS IDIOT JUST SMASHED INTO ME! MY REAR BUMPER IS COMPLETELY DESTROYED, AND I'M PRETTY SURE MY REAR WINDSHIELD IS SHATTERED TOO! AND MY TAIL LIGHT IS BROKEN! THIS IS UNACCEPTABLE. I WILL CALL MY LAWYER AND THE 'LIVRO DE RECLAMAÇÕES' IF THIS ISN'T HANDLED IMMEDIATELY. JUST LOOK AT THE DAMAGE! I NEED A NEW CAR! | third_party_driver: While reversing from a parking space, I made light contact with the rear bumper of the claimant's vehicle. My speed was minimal, under 5 km/h. I observed a minor indentation on their bumper. No other damage, such as glass shattering or broken lamps, was evident at the scene.",1
PT-SET-2026-006,"detected_damages: dent, crack | insured_driver: Yeah, I was just driving, you know, on the Arrábida road. And then this other car, like, it came out of nowhere, super fast. I had to swerve, and then I hit the barrier. It was dark, I couldn't get a plate. My car's got a big dent and a crack on the fender. It's a total write-off, probably. I need to know when I'll get paid for this. | impartial_witness: none",1
PT-VNF-2026-007,"detected_damages: dent, scratch, lamp broken | insured_driver: At 09:15 on Praça da Batalha, I proceeded into the intersection with a green light. A vehicle, a black Audi A3, entered the intersection from the perpendicular street, failing to yield. A collision occurred involving the front right side of my Peugeot 308 and the left front side of the Audi. Damage to my vehicle includes a dent on the front fender, a scratch along the side, and a broken right headlight. | third_party_driver: Dude, I was, like, totally sure it was green, you know? I was just trying to cross Praça da Batalha, and then this other car, like, just hit me. My car is, like, all messed up on the side. I think their light was red, man. My headlamp is broken, and there's a big scratch and a dent.",0
PT-SNT-2026-008,"detected_damages: dent, scratch | insured_driver: I was executing a left turn at Largo do Carmo, having observed the intersection clear. The oncoming vehicle, a white Seat Ibiza, failed to maintain its lane and impacted my front right bumper. My vehicle sustained a dent and significant scratching in that area. I was operating my vehicle at a cautious speed, approximately 15 km/h, and my visibility was unimpeded. | third_party_driver: Dude, I was, like, trying to turn, and the driver of the other car, like, totally waved me through! I thought it was safe, you know? So I went, and then they just hit me! It's, like, not my fault, man. My car has a dent and a scratch on the side.",1
PT-VGS-2026-009,"detected_damages: scratch | insured_driver: Yeah, so, someone just scratched my car, like, probably at night or something on Rua dos Pescadores. I woke up and saw it. It's not just a scratch, though. There's a big crack in the side panel, and I think my side mirror glass is shattered too. This is gonna be expensive. I need the payout fast. | impartial_witness: none",1
PT-BRG-2026-010,"detected_damages: dent | insured_driver: Oh, it was terrible, just awful. I was just trying to park, you know, on Rua do Souto, right near the cathedral, it's such a lovely place but the parking is always difficult. And my spectacles, they weren't quite clean, and I just, well, I nudged the car in front of me. Just a little bump, really, but now my front bumper has a dent. My son-in-law, he always tells me I should get a newer car with all those sensors, but I like my little Dacia Sandero, it's so dependable, my late husband bought it for me before he passed... | third_party_driver: I returned to my parked vehicle on Rua do Souto at approximately 16:45. I observed a fresh dent on the rear bumper. The claimant, a Mrs. Silva, approached me, admitting to a minor collision while attempting to park her Dacia Sandero. The damage is isolated to a single dent.",0
PT-AX1-2026-001,"detected_damages: dent, scratch | insured_driver: Oh man, like, I was just driving, you know, on Rua Augusta, heading to Praça do Comércio, and the guy in front just slammed on his brakes. I wasn't going super fast, maybe 40 km/h, but I just couldn't stop in time, pá. My front bumper, like, totally got a dent and a scratch. Is this gonna cost me a fortune? | third_party_driver: I was driving my Peugeot 208, approximately 35 km/h, when the car behind, a Renault Clio, impacted my rear bumper. The collision occurred due to the driver's insufficient braking distance. My vehicle sustained minor paint damage and a slight dent on the rear right side. No injuries reported.",0
PT-BX2-2026-002,"detected_damages: scratch, dent | insured_driver: At approximately 14:15, while proceeding southbound on Avenida dos Aliados, my Volkswagen Golf, registration 12-AB-34, was side-swiped by a vehicle attempting an unsafe lane change. The incident resulted in a scratch extending from the front passenger door to the rear quarter panel, accompanied by a minor dent. Vehicle speed was 45 km/h. | third_party_driver: I was driving my Opel Corsa, registration 56-CD-78, on Avenida dos Aliados. I initiated a lane change, signaling appropriately. I misjudged the distance to the Volkswagen Golf in the adjacent lane, resulting in a glancing impact. My vehicle sustained minimal scraping on the driver's side mirror. I acknowledge partial fault in this incident.",0
PT-CX3-2026-003,"detected_damages: scratch, dent | insured_driver: Well, I was just trying to park my little Citroën, you know, near the Largo do Carmo to get some fresh bread for my grandchildren's lunch, they love my Broa de Avintes. It was a lovely sunny day, perfect for a walk, but those parking spaces are so tight, always have been. My husband, God rest his soul, used to say 'Maria, just stick to the wider ones!' Anyway, I just heard a little scraping sound and saw I'd scraped the pillar. Just a small dent and a scratch on the side door, nothing serious, thank heavens. My vision isn't what it used to be, you see, and those mirrors are so tiny.",0
PT-DX4-2026-004,"detected_damages: scratch | insured_driver: It happened in the parking lot near Praça da República. Someone scraped my Audi. I'm not sure exactly when, I just noticed it. There's a scratch, a nasty dent on the fender, and the indicator lamp is definitely broken. I need this fixed immediately.",1
PT-EX5-2026-005,"detected_damages: dent | insured_driver: I WAS DRIVING CAREFULLY ON RUA DE CEDOFEITA WHEN THIS IDIOT REVERSED INTO ME! MY BMW HAS A HUGE DENT IN THE FRONT, AND THE WINDSHIELD IS CRACKED AND SHATTERED FROM THE IMPACT! THIS IS COMPLETELY UNACCEPTABLE! I DEMAND THIS IS HANDLED NOW OR I WILL BE FILING A COMPLAINT WITH THE 'LIVRO DE RECLAMAÇÕES' AND CONTACTING MY LAWYER! | third_party_driver: I was trying to reverse out of a tight parking spot on Rua de Cedofeita. I admit I tapped the BMW behind me, but it was at less than 5 km/h. There's a small dent on their bumper, hardly visible. My car has no damage.",1
PT-FX6-2026-006,"detected_damages: scratch | insured_driver: I was travelling southbound on Estrada Nacional 10, maintaining a safe distance and speed of approximately 80 km/h. Suddenly, a grey Opel Astra, without prior indication, rapidly decelerated in front of me, forcing an immediate, unavoidable rear-end impact. My front bumper suffered significant scratching and the windscreen partially shattered from the force. I had not consumed any alcohol or illegal substances prior to this incident. | third_party_driver: At 11:30 AM, while driving my Opel Astra, registration 98-EF-01, on EN10 near Setúbal, a dog unexpectedly ran into the road. I was compelled to execute emergency braking to avoid striking the animal, which is a traffic code violation. My vehicle was then rear-ended by a Ford Focus. My brake lights were fully operational, and I checked them before departing. My vehicle shows no discernible damage.",1
PT-GX7-2026-007,"detected_damages: dent | insured_driver: I was at the Rotunda da Boavista, trying to make a left turn. The driver of the other car, a white Mercedes, waved me through, so I proceeded. Then, out of nowhere, he accelerated and hit my front passenger side. I'm so confused, why would he wave me in if he wasn't letting me go? My SEAT has a dent in the front fender. | third_party_driver: At the Rotunda da Boavista, I was approaching the roundabout. The SEAT Ibiza abruptly pulled out in front of my vehicle, causing a collision with my front passenger side. I made no discernible hand gesture indicating permission to proceed. My vehicle sustained a significant dent to the front bumper and the right headlight is completely broken. I was operating my vehicle in strict adherence to all traffic regulations.",1
PT-HX8-2026-008,"detected_damages: scratch, dent | insured_driver: I was driving on Avenida 24 de Julho, sometime yesterday afternoon. Another car, I didn't get the make or plate, just clipped my rear bumper and sped off. There's a bad scratch and a dent now. It's a busy road, so no one really saw it, I guess. I just want to get this damage sorted out.",1
PT-IX9-2026-009,"detected_damages: dent, scratch | insured_driver: SOMEONE HIT MY NISSAN QASHQAI AND FLED THE SCENE ON RUA MOUZINHO DE ALBUQUERQUE! I DISCOVERED A HUGE DENT AND SEVERAL SCRATCHES ON THE DRIVER'S SIDE THIS MORNING! THIS IS COMPLETELY ILLEGAL AND UNACCEPTABLE! I EXPECT THIS CLAIM TO BE PROCESSED WITH THE UTMOST URGENCY OR I WILL BE FORCED TO ENGAGE MY LEGAL REPRESENTATIVE AND FILE A FORMAL COMPLAINT WITH THE AUTHORITIES!",1
PT-JX0-2026-010,"detected_damages: scratch, dent | insured_driver: Oh my god, pá, I was just driving along, you know, on that twisty road in Arrábida, heading to a viewpoint. I was going slow, like, 30 km/h, maybe 35, because the view is so pretty. And then, like, a squirrel just ran into the road! I swerved to avoid it, and I totally scraped the guardrail. My front bumper has a huge scratch and a dent, and the left headlight is completely smashed, it's shattered, dude. My heart is still pounding, you know? Is this going to be a huge problem for my insurance?",1
PT-XXX-2026-001,"detected_damages: dent, scratch | insured_driver: Oh man, like, I was just driving my Renault Clio on Rua Augusta, you know? And this car in front, a black BMW, just braked super hard, out of nowhere! I mean, I tried to stop, but it was too late. My car kinda, like, bumped into his bumper. Dude, I hope this isn't gonna cost a fortune. My front bumper has a dent and some scratches, I think. This whole process is so confusing, pá. | third_party_driver: Incident occurred on Rua Augusta, Lisbon, at approximately 14:35. My vehicle, a BMW 320d, license plate XX-YY-ZZ, was stationary in traffic. The insured vehicle, a Renault Clio, impacted my rear bumper. Minimal damage observed: a superficial dent and paint abrasion. Driver of the Clio appeared distressed but acknowledged fault. No injuries reported.",0
PT-XXX-2026-002,"detected_damages: scratch | insured_driver: Oh dear, it was such a lovely Tuesday, sunny, you know? I was just leaving NorteShopping, after getting some lovely bacalhau for dinner, my grandson loves it, bless his heart. I was trying to back out of the parking space, you see, in my little Peugeot 208, and I thought I had plenty of room. But then, *scratch!* I just brushed against the pillar, the one right next to my usual spot. My daughter always tells me to be careful, but these spaces are so tight, aren't they? It's just a scratch, really, nothing major, but still, a bother at my age, you know. I hope the insurance can just fix the paint, it’s just a small scratch on the side, on the passenger door.",0
PT-XXX-2026-003,"detected_damages: dent, lamp broken, crack | insured_driver: At 10:10 AM, while operating my Volkswagen Golf, license plate AA-BB-CC, I approached the intersection of Praça da República and Avenida Sá da Bandeira, Coimbra. I had a green light and proceeded. The third-party vehicle, a Fiat Tipo, failed to yield from Avenida Sá da Bandeira, entering the intersection and impacting my front-right quarter. Significant impact force. Damage assessment indicates a major dent to the front fender, a broken headlight assembly, and a crack in the bumper. Airbags did not deploy. No personal injuries. | third_party_driver: Man, this sucks, pá. Like, I was driving my Fiat Tipo and I swore the light was green for me, you know? Or maybe it just changed? I don't even know, I was kinda distracted for a sec, listening to some fado. Then, boom, this Golf just came out of nowhere! My front is all messed up, like a big dent and the lamp is totally broken. There's a huge crack in the plastic too. I'm so stressed about this. My parents are gonna kill me.",0
PT-XXX-2026-004,"detected_damages: dent, scratch, lamp broken | insured_driver: Okay, so like, I was trying to reverse park my Dacia Sandero in the underground car park at Forum Algarve, you know? And it's super tight down there, pá, like, no space at all. I was going really slow, honest! But then, I just misjudged the distance to this concrete pillar and scraped the rear corner. It’s got a pretty big dent and a deep scratch, and yeah, my taillight actually shattered a bit, the red plastic part is broken. I feel so dumb. Hope it's not too bad to fix, man.",0
PT-XXX-2026-005,"detected_damages: dent, scratch | insured_driver: It happened on Rua das Flores, Cascais. I was just pulling out, you know, and another car, a dark one, just came too close. Barely touched, but my car, a Mercedes A-Class, got hit. There’s a dent on the passenger side door, and some paint scratched off. Also, I think the side window, it kinda cracked from the vibration or something, definitely a glass shatter starting there. It's really bad, I need it fixed quickly.",1
PT-XXX-2026-006,"detected_damages: scratch, dent | insured_driver: I WAS JUST PULLING INTO A PARKING SPACE AT CONTINENTE IN BRAGA, MY SEAT LEON, AND THIS BLOODY PILLAR JUMPED OUT AT ME! IT'S CLEARLY A DESIGN FLAW. I ONLY BARELY SCRAPED IT, GOING LIKE 5 KM/H! BUT NOW THERE'S A HUGE SCRATCH AND A DENT ON MY PASSENGER DOOR. AND NOW THE WINDSHIELD IS CRACKED TOO! HOW DOES THAT EVEN HAPPEN FROM A SCRAPE?! I NEED THIS FIXED IMMEDIATELY, OR I'M CALLING MY LAWYER AND GOING STRAIGHT TO THE LIVRO DE RECLAMAÇÕES! DON'T TRY TO DELAY THIS, I KNOW MY RIGHTS!",1
PT-XXX-2026-007,"detected_damages: dent, scratch | insured_driver: It was in the industrial zone, a slow-moving situation. The car behind me, I don't remember the exact model, just lightly tapped my Audi A4's rear. Very low speed. But it's done a lot of damage, you know. There's a dent on the bumper, and some scratches, but the biggest issue is my right taillight, it's totally broken, and the entire bumper has a large crack now. This needs a full repair, it’s not just superficial.",1
PT-XXX-2026-008,"detected_damages: dent, scratch, lamp broken | insured_driver: I was operating my Volvo S60 on the A2 highway, southbound, near Grândola, maintaining the legal speed limit of 120 km/h. At approximately 11:15 AM, an animal, possibly a wild boar, suddenly entered the roadway from the central reservation. To prevent a catastrophic collision and ensure public safety, I executed an emergency braking maneuver. My vehicle came to a controlled stop. Subsequently, the vehicle behind me, a Ford Focus, failed to maintain a safe following distance and impacted my rear. I confirm I was not under the influence of alcohol or any substances, and my vehicle's brakes were fully functional. The impact resulted in a dent to my rear bumper, some scratches, and my right taillight is definitely broken. | third_party_driver: THIS GUY IN THE VOLVO JUST SLAMMED ON HIS BRAKES ON THE A2 FOR NO REASON! NO ANIMAL! ABSOLUTELY NO REASON! I WAS GOING THE SPEED LIMIT, FOLLOWING AT A SAFE DISTANCE, AND HE JUST STOPPED DEAD! WHAT AM I SUPPOSED TO DO? MY FORD FOCUS IS DAMAGED NOW, I'VE GOT A DENTED BONNET AND A BROKEN HEADLIGHT! I DEMAND THIS CLAIM IS PROCESSED IMMEDIATELY, IT'S CLEARLY HIS FAULT! I HAVE PLACES TO BE!",1
PT-XXX-2026-009,"detected_damages: dent, glass shatter, crack | insured_driver: I was at the Rotunda do Relógio, driving my BMW X1, waiting to enter the roundabout. Traffic was heavy. I observed the third-party vehicle, a Mercedes C-Class, attempting to cross. I made a gesture, I believe, indicating that I was waiting, not necessarily inviting him to proceed. He misinterpreted this, began moving, and then I proceeded, as I had the right of way. The collision was minor but resulted in a significant dent to my front-left side, the headlight glass shattered, and there's a crack in the bumper. This was a clear misunderstanding on the part of the other driver. | third_party_driver: At 16:20, at Rotunda do Relógio, Lisbon, I was operating my Mercedes C-Class, attempting to merge. The driver of the BMW X1, with license plate XX-YY-ZZ, made a clear hand gesture, waving me to proceed. Based on this explicit signal, I initiated my maneuver. Unexpectedly, the BMW driver then accelerated, impacting my vehicle's front-right fender. Damages observed: significant dent, broken glass from the headlight, and a structural crack to the bumper. The insured driver's actions were misleading and directly caused the collision.",1
PT-XXX-2026-010,"detected_damages: dent, scratch, crack | insured_driver: It was on one of those winding roads, you know, near Arrábida. My Opel Corsa. This other car, it came around the bend too fast, a dark coloured van I think, and it just clipped me. It happened so fast, I didn't get a plate or anything, they just drove off. My car has a big dent on the side, and some bad scratches, and I'm pretty sure there's a crack under the paint there too. It needs fixing. I don't remember the exact time, it was sometime in the afternoon. Just want to get this sorted quickly.",1
PT-LIS-2026-001,"detected_damages: dent, scratch | insured_driver: Dude, I was just trying to merge near Marquês de Pombal, you know? And like, this guy just came too close. I definitely saw a dent on my back door and a couple of scratches. I'm so anxious about this, will my insurance go up? Like, is this going to cost a fortune, man? | third_party_driver: I was driving on Avenida da Liberdade, indicating to change lanes. The other driver clearly misjudged the distance. There was a minor impact. I observed a small dent and some paint transfer on their vehicle, and a scratch on my own passenger side bumper.",0
PT-POR-2026-002,"detected_damages: dent, scratch | insured_driver: Someone hit my car in the parking lot. I wasn't even there. Came back and saw the damage. There's a big dent on the front fender, and my headlight, it's totally broken. This needs to be fixed quick. | impartial_witness: I saw a blue Opel Corsa reverse into a concrete pillar in the parking garage. It was a slow impact. I only noticed a dent and some minor scratches on the car's front. No broken lamp, certainly.",1
PT-COI-2026-003,"detected_damages: dent, scratch | insured_driver: I was proceeding at 30 km/h on Largo da Portagem, maintaining a safe distance. Suddenly, a vehicle, which appeared to be a white van, swerved aggressively in front of me and braked sharply. I had no opportunity to react. The impact was severe. My front windshield shattered, and the right headlight is completely broken. My neck is also hurting. I had not consumed any alcoholic beverages and my speed was within the legal limit. | third_party_driver: I was behind the Golf. It looked like the Golf braked suddenly for no reason, and then the white van behind them rear-ended the Golf. It was a very low-speed impact, barely a tap. I saw a small dent on the Golf's bumper. No glass shatter or broken lamps.",1
PT-FAR-2026-004,"detected_damages: dent, lamp broken, scratch | insured_driver: At approximately 14:15, I was traversing the intersection of Avenida 5 de Outubro and Rua da Misericórdia, with the traffic signal indicating green. A vehicle disregarded its red signal, impacting the front-left quadrant of my vehicle. Damages observed include a significant dent to the fender, a fractured headlight assembly, and various superficial scratches to the paintwork. | third_party_driver: I admit, I was distracted and went through the red light. I hit the front side of the Nissan. My car has damage too, but I can confirm the Nissan has a dent, the headlight is broken, and there are several scratches.",0
PT-AVE-2026-005,"detected_damages: dent, scratch | insured_driver: SOMEONE REAR-ENDED ME IN THE PARKING LOT! THIS IS UNACCEPTABLE! MY WHOLE BUMPER IS CRACKED AND THE REAR WINDOW IS SHATTERED! I DEMAND THIS BE RESOLVED IMMEDIATELY, OR I WILL BE CONTACTING MY LAWYER AND THE LIVRO DE RECLAMAÇÕES! THIS IS OUTRAGEOUS! | third_party_driver: It was a very minor tap, reversing out of a parking space. I barely touched his bumper. There's a tiny dent and a scratch, that's all. No cracked bumper, no shattered window. He's making a huge deal out of nothing.",1
PT-SIN-2026-006,"detected_damages: dent, scratch | insured_driver: I was driving on Estrada Nacional 247, just minding my own business. This other car, I couldn't really tell the model or color, it just came out of nowhere. Hit me hard on the side and then just drove off. My front door has a huge crack, and the side mirror is broken off. The front lamp is completely smashed. I'm very shaken up.",1
PT-BRG-2026-007,"detected_damages: dent, scratch | insured_driver: Oh dear, it was such a lovely day, I was just going to pick up my grandson, little João, from school, you see. He loves those pasteis de nata from that little shop near the church. The sun was in my eyes, and I was reversing very carefully, honest. Then, *bump*! I hit that old concrete post, the one with the faded yellow paint. My poor little Dacia has a dent on the back bumper and some nasty scratches. My husband, Manuel, will be so cross with me, he always tells me to be careful, you know.",0
PT-VNO-2026-008,"detected_damages: dent, scratch | insured_driver: I was stationary at the traffic light on Rua Elias Garcia. The vehicle behind me, a grey hatchback, initiated forward motion prematurely, resulting in a low-velocity rear-end impact. Initially, the damage appeared minor, a small dent and some paint transfer. However, upon closer inspection, a significant crack has developed across the rear bumper, and what seemed like a minor stress mark on the rear window has now completely shattered the glass. The structural integrity is compromised, I believe. | third_party_driver: I barely touched his bumper. My foot slipped off the clutch. It was a tiny bump, maybe 5 km/h. There's a tiny dent and some scratches on his car, nothing more. No crack, no shattered window. He's making it up.",1
PT-CAS-2026-009,"detected_damages: dent, scratch | insured_driver: I WAS TRYING TO TURN LEFT ON AVENIDA 25 DE ABRIL. THE OTHER DRIVER, IN A BLACK SUV, WAVED ME TO GO! I PROCEEDED CAREFULLY, AND THEN HE DELIBERATELY ACCELERATED AND HIT ME! MY HEADLIGHT IS COMPLETELY DESTROYED AND THE PASSENGER WINDOW IS SHATTERED! I KNOW HE DID IT ON PURPOSE! I EXPECT IMMEDIATE COMPENSATION AND REPAIRS! I WILL FILE A COMPLAINT WITH THE ASF IF THERE ARE ANY DELAYS! | third_party_driver: I was waiting to turn, yes. I might have gestured, but he pulled out so quickly, I couldn't stop in time. It was a light impact at low speed. There's a small dent on his front fender and a few scratches. No broken headlight, no shattered window, definitely not.",1
PT-EVO-2026-010,"detected_damages: dent, crack, lamp broken | insured_driver: Oh, man, this is so embarrassing, you know? I was trying to parallel park near Largo da Porta de Moura, it's so tight there, like, no space. And I just misjudged it, dude. I heard a really loud crunch, and my front bumper hit the lamppost. I can see a big dent, and there's a crack going across the plastic, and the front lamp, like, it's definitely broken. I'm so bummed about this.",0
PT-INS-2026-001,"detected_damages: dent, scratch | insured_driver: Oh man, like, I was just driving on the Avenida da Boavista, you know, in Porto, just chilling, and suddenly this dude in front just slammed the brakes for no reason, like, totally unexpected, pá. I tried to stop, I swear, but my old Corsa just, like, bumped into him. I think my bumper got a dent and a scratch, dude, I'm so worried about the costs, you know?",0
PT-INS-2026-002,"detected_damages: scratch | insured_driver: It was in a parking lot, near El Corte Inglés in Lisbon. Someone hit my car. I didn't see who. My car, a Golf, has a big scratch on the side door, definitely a dent, and I think the rear lamp is broken. I need this fixed quickly.",1
PT-INS-2026-003,"detected_damages: dent, scratch | insured_driver: I was proceeding southbound on the A2, near Alcácer do Sal, maintaining a speed of approximately 100 km/h, well within the legal limit. Suddenly, a vehicle, a black Mercedes, rapidly swerved in front of me from the right lane without indicating, then braked sharply. I reacted instantaneously, applying maximum brake pressure, but impact was unavoidable. My front right suffered a dent and a scratch. The other driver's rear left also sustained damage. I had not consumed any alcohol, and my vehicle's maintenance is impeccable. | third_party_driver: I was in the right lane, intending to exit towards Alcácer do Sal. The vehicle behind me, a grey Opel, was approaching at high speed. I signaled my intention to change lanes and began the maneuver when the Opel collided with my rear bumper. My vehicle suffered a dent and a scratch. The incident occurred at precisely 14:15. I was not speeding.",1
PT-INS-2026-004,"detected_damages: dent, lamp broken, crack | insured_driver: At approximately 10:30 on Rua de Santa Catarina, Porto, I approached the intersection with Rua Formosa. My traffic light was green. A black Fiat Punto, driven by Ms. Sofia Rodrigues, proceeded through the intersection from the perpendicular street, disregarding the red signal. My vehicle, a Dacia Sandero, impacted the front right side of her vehicle. My front bumper sustained a dent, the left headlight is broken, and there is a crack on the fender. My speed was approximately 30 km/h. | third_party_driver: Like, I swear, I thought the light was yellow, you know? I was rushing a bit, I guess. Then boom! This Dacia just, like, came out of nowhere. My car's all messed up now, dude. I'm really sorry, pá.",0
PT-INS-2026-005,"detected_damages: dent, scratch | insured_driver: I WAS DRIVING MY BMW ON THE IC2, NEAR FIGUEIRA DA FOZ, AND SOME IDIOT IN A WHITE VAN JUST SWERVED INTO MY LANE AND HIT ME, THEN DROVE OFF! I DIDN'T GET THE PLATE! MY FRONT BUMPER IS DENTED, THE WINDSHIELD IS SHATTERED, AND MY HEADLIGHT IS COMPLETELY BROKEN! THIS IS A SCANDAL! I DEMAND IMMEDIATE PROCESSING OF MY CLAIM! IF NOT, I WILL CONTACT MY LAWYER AND GO TO THE 'LIVRO DE RECLAMAÇÕES'!",1
PT-INS-2026-006,"detected_damages: scratch | insured_driver: Well, I was just parking my little Renault Clio at the Continente supermarket in Guimarães, you know, just like I always do on Tuesdays to buy groceries for my grandchildren. It was a bit windy that day, I remember. And then, when I came back, there was this terrible scratch on my door, and I think it's a dent too, such a shame. My husband, bless his soul, would have been so upset. It wasn't there before, I can tell you. I need it fixed properly, it’s not just a little scratch.",1
PT-INS-2026-007,"detected_damages: scratch, dent | insured_driver: Dude, it was super tight on Rua Direita in Coimbra, you know? I was just trying to pass this parked van, like, really slowly. And then, BAM! My side mirror, like, just scraped the van and my door got, like, a big scratch and a small dent. It was totally my fault, I guess, I'm so clumsy, pá. Is this going to be expensive?",0
PT-INS-2026-008,"detected_damages: dent, scratch | insured_driver: I was driving my Audi A3, somewhere in the Benfica area in Lisbon, late evening. There was an incident, I'm not exactly sure what happened, it was dark. But when I checked, my front bumper has a significant dent, there's a crack on the grille, and one of the headlights is definitely broken. I need these repairs done. It was definitely a new incident.",1
PT-INS-2026-009,"detected_damages: dent | insured_driver: I was attempting to exit a parking spot on Avenida da Liberdade, Lisbon, in my VW Passat. The driver of the approaching vehicle, a red SEAT Ibiza, motioned for me to proceed. Trusting their signal, I initiated the maneuver. Without warning, they accelerated, resulting in a collision with my front left fender. My vehicle sustained a significant dent, the headlight is broken, and there is a large glass shatter on the corner. My speed was minimal, approximately 5 km/h. I possess excellent driving record and always exercise extreme caution. | impartial_witness: I saw a VW Passat trying to get out of a parking space. The red SEAT Ibiza waved them out, and then they bumped. It wasn't fast. The VW driver seems to be exaggerating a bit about the damage.",1
PT-INS-2026-010,"detected_damages: dent, scratch, lamp broken | insured_driver: Oh dear, I was just trying to park my little Citroën C3 at the shopping center in Almada, you know, near the entrance where my daughter Sofia always drops me off. It was a bit tight, and I misjudged the pillar, yes, the concrete one. I heard a nasty thud. My front bumper, on the right side, it's got a big dent now, and a scratch, and the right lamp, well, it's not working properly, it's definitely broken. My eyesight isn't what it used to be, bless my heart.",0
PT-PTE-2026-001,"detected_damages: dent, scratch | insured_driver: Oh man, like, I was just driving my Clio, you know, near Cedofeita, super slow, and this other dude, like, totally hit me from behind! I'm so worried about the costs, pá. Just a dent and some scratches, I think. My mom's gonna kill me. | third_party_driver: I was distracted by a street vendor on Rua de Cedofeita and misjudged the distance. My apologies. It was a low-speed impact. I confirm a small dent and scratch on the Clio's rear bumper.",0
PT-LIS-2026-002,"detected_damages: dent, scratch | insured_driver: Yeah, it was, uh, somewhere on Avenida da Liberdade. This car came too close. My Fiat Punto got hit. There's a dent, definitely a scratch, and the LEFT HEADLAMP IS BROKEN, it needs full replacement. I need this fixed fast.",1
PT-ALV-2026-003,"detected_damages: dent, scratch | insured_driver: I was proceeding southbound on EN125 near Portimão, maintaining a speed of precisely 60 km/h, well below the posted limit. I had not consumed any alcoholic beverages. The Audi behind me was tailgating and when I had to brake suddenly for a stray animal, they just PLOWED into me. My rear bumper has a dent and a significant scratch, and my right tail lamp is broken. It is entirely their fault. | third_party_driver: I was following a safe distance. The Golf in front just slammed on their brakes for no apparent reason, there was no animal! I couldn't react in time. It was a very minor impact, barely a scratch on my car, and a small dent on theirs.",1
PT-AVE-2026-004,"detected_damages: dent, scratch, lamp broken | insured_driver: At approximately 14:35, while executing a left turn onto Rua Dr. Ricardo Lança from Avenida Lourenço Peixinho, my Mercedes C-Class was impacted on the front right quarter panel by a Peugeot 208. The other vehicle disregarded the traffic light. The damage includes a dent, multiple scratches, and the right headlamp is broken. Airbags did not deploy. Vehicle is driveable. | third_party_driver: I admit I was distracted and ran the red light. I hit a silver Mercedes turning left. My fault. I saw the dent and the broken lamp. | impartial_witness: I was waiting to cross. The Peugeot came straight through the red light and hit the Mercedes. It happened quickly. Damage was to the front of the Mercedes, definitely a dent and the light looked broken.",0
PT-FAR-2026-005,"detected_damages: scratch | insured_driver: I WAS PARKING MY CITROËN C3 AT PRAIA DA ROCHA, AND SOME IDIOT SCRAPED MY DOOR! THIS IS UNACCEPTABLE! THERE'S A HUGE SCRATCH AND THE WINDOW IS SHATTERED! I WANT THIS FIXED IMMEDIATELY OR I AM CALLING MY LAWYER AND GOING TO THE LIVRO DE RECLAMAÇÕES! DO NOT WASTE MY TIME!",1
PT-COI-2026-006,"detected_damages: dent, scratch | insured_driver: While traveling north on IC2 near Coimbra, approximately 10 km past the IP3 junction, a dark colored sedan, make unknown, suddenly veered into my lane from the right shoulder. To avoid a catastrophic head-on collision, I executed a sharp evasive maneuver, impacting a roadside barrier. My Renault Captur sustained a significant dent on the passenger side and extensive scratches. I was maintaining a safe speed of 90 km/h and had not consumed any substances. The phantom vehicle fled the scene.",1
PT-FNC-2026-007,"detected_damages: scratch, dent | insured_driver: Oh dear, it was just after I bought those delicious 'Bolo do Caco' for my grandchildren, you know, near Rua de Santa Maria in Funchal. I was reversing my old Opel Corsa out of the spot, minding my own business, and I just tapped the pillar. Such a silly thing. Not going very fast at all, maybe 2 km/h. There's a scratch and a little dent on the bumper, nothing major, thank goodness. My husband João will be annoyed, he loves that car.",0
PT-SET-2026-008,"detected_damages: dent | insured_driver: Some idiot hit my Nissan Qashqai while I was waiting at a light, probably near Praça do Bocage, can't remember the exact time. Just a quick bump. There's a clear dent on the rear, but also I noticed a big CRACK on the tailgate now that wasn't there before. This needs to be covered.",1
PT-VNF-2026-009,"detected_damages: dent, scratch | insured_driver: I WAS TRYING TO PULL OUT FROM RUA DE GOA IN MY FORD FOCUS AND THE OTHER DRIVER, A WHITE RENAULT, WAVED ME OUT! THEN THEY HIT ME! IT IS THEIR FAULT ENTIRELY! THERE IS A DENT AND SCRATCH ON MY SIDE PANEL. I DEMAND THIS IS PROCESSED WITHOUT DELAY OR I WILL USE THE LIVRO DE RECLAMAÇÕES AND CALL MY LAWYER! THIS IS A SCANDAL! | third_party_driver: I was just driving, I never waved anyone out! This Ford just pulled right in front of me from a side street. I tried to brake but couldn't avoid a minor contact. It's just a small scrape on their car.",1
PT-BRG-2026-010,"detected_damages: scratch | insured_driver: I was driving on Circular de Braga. A car came very close, don't know the color or model, but it made me swerve. My Dacia Sandero hit something, I guess. Just a scratch on the side. I need this repair done quickly. It wasn't my fault.",1
PT-001-2026-101,"detected_damages: dent, scratch | insured_driver: Oh man, like, I was just driving on Avenida da Liberdade, you know? And this dude just, like, backed out of a parking spot without looking. I totally slammed on the brakes, but like, I couldn't avoid it. My front bumper has a dent and a scratch, it's a mess, pá. I'm so worried about the costs, like, is this gonna be expensive?",0
PT-002-2026-102,"detected_damages: scratch, dent | insured_driver: Look, I was just driving around in Porto, some street, can't remember exactly, maybe near Cedofeita. Some car just hit mine. It's really bad. My car has a massive scratch, a dent, and the front lamp is completely shattered. And the windshield! It's got a huge crack. I need this fixed immediately. What's the process to get paid?",1
PT-003-2026-103,"detected_damages: dent, lamp broken | insured_driver: On 2026-03-15 at approximately 14:30h, while proceeding northbound on Rua de Santa Catarina, Braga, my vehicle (make/model: Ford Focus) was impacted by a pedestrian who abruptly stepped into the roadway. Impact occurred on the front passenger side. Vehicle sustained a dent to the fender and a broken headlight assembly. Pedestrian sustained minor abrasions. Police report filed, reference number BRC-2026-00123.",0
PT-004-2026-104,"detected_damages: dent, scratch | insured_driver: I was operating my vehicle, a BMW 3 Series, adhering strictly to the 50 km/h speed limit on A28 near Viana do Castelo. Suddenly, a vehicle in front of me, a black Opel Corsa, braked aggressively without warning. I had no time to react, maintaining a safe following distance of 15 meters, yet the impact was unavoidable. My front bumper suffered a dent and a scratch. Furthermore, my right headlight assembly is shattered, and the windshield has a significant crack. I had not consumed any alcoholic beverages and my vehicle was in optimal mechanical condition.",1
PT-005-2026-105,"detected_damages: scratch | insured_driver: Oh dear, it was such a lovely Tuesday, I was just heading to the market in Faro to get some fresh fish, you know, for dinner with my grandchildren, they love my bacalhau à brás. The sun was so bright. I was trying to park my little Renault Clio on Rua do Alportel, it's always so busy there, and I just misjudged the distance a little bit and scraped the pillar. Just a scratch on the side door, thank goodness it wasn't worse, my husband would have been so cross. He always tells me to be careful, bless his heart.",0
PT-006-2026-106,"detected_damages: dent, glass shatter | insured_driver: I WAS DRIVING ON THE A1 NEAR LISBOA, SOMEONE SWERVED INTO MY LANE AND HIT ME! THEY DIDN'T EVEN STOP, THE COWARD! MY CAR, A PEUGEOT 308, HAS A HUGE DENT ON THE SIDE, THE WINDOW IS COMPLETELY SHATTERED, AND MY HEADLIGHT IS SMASHED! THIS IS UNACCEPTABLE! I WANT THIS CLAIM PROCESSED IMMEDIATELY OR I'M CALLING MY LAWYER AND GOING STRAIGHT TO THE LIVRO DE RECLAMAÇÕES! DON'T WASTE MY TIME ASKING STUPID QUESTIONS!",1
PT-007-2026-107,"detected_damages: dent, scratch, crack | insured_driver: Dude, I was just cruising on Ponte 25 de Abril, you know, going to Almada. And this, like, truck in front of me, it must have kicked up a rock or something. It totally hit my windshield, man, and now there's a big crack. And my hood has a small dent and a scratch from it too, I think. I'm so worried, will my insurance cover this?",0
PT-008-2026-108,"detected_damages: scratch | insured_driver: My car was parked somewhere in Coimbra, near the university, I guess around Praça da República. I came back and someone had hit it. There's a scratch on the door, and a significant dent on the rear bumper. Also, one of the tail lights is cracked, needs replacing. This wasn't there before, definitely happened today. How quickly can this be settled?",1
PT-009-2026-109,"detected_damages: dent, scratch | insured_driver: I was executing a right turn onto Rua de Diu, Oeiras, maintaining a speed of 10 km/h, indicating my intention with the appropriate signal for at least 3 seconds. The opposing vehicle, a Renault Clio, driven by a female, motioned for me to proceed. As I commenced the turn, she accelerated, resulting in a side-swipe impact. My passenger side door sustained a dent and a scratch. Furthermore, my side mirror was completely shattered, and the rear passenger side lamp is broken. I was wearing my seatbelt and had not been distracted by any electronic devices.",1
PT-010-2026-110,"detected_damages: crack, dent | insured_driver: Incident occurred on 2026-04-01 at approximately 09:15h on Rotunda da Boavista, Porto. My vehicle (make/model: Audi A4) was struck by a falling tree branch during high winds. Impact area was the roof and front passenger window. Damages include a crack on the windshield and a dent to the roof panel. No third-party vehicles or individuals were involved. Weather report confirms high wind conditions.",0
PT-LIS-2026-001,"detected_damages: dent, scratch | insured_driver: Dude, I was just chilling, you know, waiting at the traffic light near Rossio, and then, like, this van just bumped into me from behind. My bumper totally has a dent and a scratch, man. I'm so anxious about the cost, you know? | third_party_driver: Yes, I admit I wasn't paying full attention. The traffic light changed quickly to green and I momentarily looked away. When I looked up, the Renault Clio ahead had stopped abruptly. My vehicle made contact with its rear bumper. There's a minor dent and scratch on their car, and a small scratch on my front bumper.",0
PT-PRT-2026-002,"detected_damages: scratch, dent | insured_driver: At approximately 14:30h, I was operating my vehicle, a Volkswagen Golf, in the middle lane of Avenida da Boavista, proceeding westbound. As I initiated a lane change into the right lane, the adjacent vehicle, a BMW Series 3, failed to maintain sufficient lateral distance, resulting in a side-swipe impact. The collision inflicted a scratch and a minor dent on my front right fender. My speed was approximately 50 km/h. | third_party_driver: I was in the right lane. The Golf attempted to change lanes without adequate signaling or checking its blind spot. I had no time to react. The impact was on my left front door and their right front fender. It caused a long scratch and a shallow dent on their vehicle, and minimal paint transfer on mine.",0
PT-CBR-2026-003,"detected_damages: scratch | insured_driver: Oh, my dear, it was just terrible. I was trying to park my little Skoda near the restaurant, you know, the one where my grandson João loves the bacalhau à brás. It was a lovely sunny day, perfect for a walk by the Mondego river. Anyway, I was reversing, ever so slowly, minding my own business, when suddenly I just grazed that concrete pillar. I heard a little 'rrripp' sound. And now there's this nasty scratch on the back bumper. My husband, Manuel, he's going to be so upset, God bless his soul, always telling me to be careful, always. It's just a scratch though, thankfully nothing worse, just a simple scratch.",0
PT-FAR-2026-004,"detected_damages: dent, scratch | insured_driver: The accident happened, you know, sometime in the afternoon. Another car just appeared out of nowhere. It hit me hard. My car's really damaged. I need new parts. There's a huge crack, a completely broken lamp, and a big glass shatter on the headlight, and a nasty dent, plus all these scratches. It's a total write-off almost. Just send someone to fix it and pay me. | third_party_driver: I was making a low-speed turn into a parking space. The Fiat driver reversed into my front bumper. It was a very minor tap. There's a small dent and a scratch on his rear bumper, nothing more serious. My car is fine.",1
PT-BRG-2026-005,"detected_damages: scratch | insured_driver: THIS OTHER DRIVER CAME OUT OF NOWHERE AT THE ROUNDABOUT AND HIT ME! IT WAS A HUGE IMPACT, MY CAR IS COMPLETELY DAMAGED! THERE IS A HUGE DENT AND A CRACK ON THE FENDER, PLUS SCRATCHES ALL OVER. I AM NOT LYING! I DEMAND IMMEDIATE REPAIR AND COMPENSATION. IF YOU DON'T SORT THIS OUT IMMEDIATELY, I WILL CALL MY LAWYER AND GO STRAIGHT TO THE 'LIVRO DE RECLAMAÇÕES' (COMPLAINTS BOOK)! THIS IS UNACCEPTABLE! | third_party_driver: The Opel driver entered the roundabout abruptly, cutting me off. Our mirrors barely touched. I stopped immediately. There's a small scratch on his front passenger door, that's all. There was no 'huge impact'.",1
PT-STB-2026-006,"detected_damages: dent, scratch | insured_driver: I was proceeding southbound on Avenida 22 de Dezembro at a legal speed of 45 km/h. My vehicle was maintaining a safe following distance. Suddenly, a dark grey Volkswagen Passat, which had been driving erratically, swerved sharply in front of me from the adjacent lane and then braked extremely hard without warning. I applied emergency braking, but a collision was unavoidable. The impact resulted in a severe dent on my front bumper, a completely broken lamp, and a glass shatter on the left headlight, in addition to multiple scratches. I had not consumed any alcoholic beverages and was fully alert. | third_party_driver: I was driving my Passat, suddenly a car (the Audi) cut into my lane without warning and I had to brake hard. There was a slight impact. His car has a dent and a scratch, and he is claiming a lot more damage than was visible. He was following too closely.",1
PT-AVR-2026-007,"detected_damages: dent | insured_driver: I was making a left turn, and the other driver clearly waved me through. As I started to turn, they suddenly accelerated and hit me. It was their fault completely. My car has a massive crack on the side panel, a huge dent, and the rear window has a big glass shatter. This needs fixing quickly. How fast can you get this processed? I need a replacement vehicle urgently. | third_party_driver: I did wave, yes, but it was just a courtesy, not an indication to proceed when unsafe. They turned too quickly. It was a very minor impact, barely a tap on their side. I saw a small dent, that's it. | impartial_witness: I was walking by, near the Canal Central. I saw the Peugeot driver wave, and then the Citroën started to turn. The Peugeot moved forward a bit and there was a very light bump. I only noticed a small dent on the side of the Citroën, nothing else serious like a broken window or anything.",1
PT-CSC-2026-008,"detected_damages: scratch, dent | insured_driver: I was driving on Estrada da Malveira, maintaining a steady speed of 70 km/h, well within the legal limit. Suddenly, a dark-colored vehicle, possibly a Seat Ibiza, without its headlights on, veered sharply into my lane from the right without any signal. To prevent a head-on collision, I had no option but to swerve violently to the left, impacting the roadside barrier. The phantom vehicle then sped off. My vehicle sustained significant scratch damage along the entire right side and a substantial dent on the front right fender. My reflexes were immediate and appropriate; I was not distracted by a phone or other devices.",1
PT-GMS-2026-009,"detected_damages: dent, lamp broken | insured_driver: SOME IDIOTIC DRIVER CUT ME OFF ON THE AVENUE AND THEN FLED THE SCENE! I HAD TO SWERVE HARD TO AVOID THEM AND CRASHED INTO THE BARRIER! THIS IS COMPLETELY UNACCEPTABLE! MY CAR IS ALL DENTED, THE FRONT LAMP IS COMPLETELY BROKEN, AND THE WINDSHIELD HAS A HUGE GLASS SHATTER. I NEED THIS RESOLVED IMMEDIATELY, OR I AM TAKING THIS FURTHER! DON'T WASTE MY TIME WITH QUESTIONS, JUST FIX MY CAR NOW!",1
PT-VSU-2026-010,"detected_damages: scratch | insured_driver: At approximately 11:15h, while maneuvering within the parking facility adjacent to the municipal market, I experienced a low-speed impact with a concrete bollard. The incident resulted in significant cosmetic and structural damage to the front right quadrant of my vehicle. Specifically, I observed a substantial dent in the fender panel, a complete fracture of the headlight assembly rendering the lamp broken, and a series of deep scratches along the bumper. Immediate repair and replacement of affected components are required.",1
PT-ACC-2026-001,"detected_damages: dent, scratch | insured_driver: Oh man, like, I totally didn't see him stop, you know? It was on that really steep street, and I was going, like, maybe 15 km/h. Just a little bump, but now there's this big dent and a scratch on the bumper. I'm so worried about the costs, dude. My parents are gonna kill me. I just hope it's not too bad, you know? | third_party_driver: I was stopped at the traffic light on Rua da Bica, waiting for it to turn green, when I felt a jolt from behind. Looked in my mirror, and a young man in a Clio had hit me. Minor damage to my rear bumper, a small scratch and dent. He seemed very distressed.",0
PT-FRA-2026-002,"detected_damages: scratch, dent | insured_driver: Yeah, it was, uh, earlier today on Avenida dos Aliados. Another car, I didn't quite catch the model, just, you know, swiped me. My side, it's pretty bad. A huge scratch, a dent, and the front lamp is definitely broken. I need this fixed fast, it's undriveable.",1
PT-STG-2026-003,"detected_damages: dent, scratch | insured_driver: On the EN125, approximately 2 kilometers before the Albufeira exit, I was proceeding in the rightmost lane at a constant speed of 80 km/h, well within the legal limit. Suddenly, the third-party vehicle, a white Opel Corsa, aggressively cut in front of me from the left lane without signaling, then braked sharply and unexpectedly. I reacted immediately, applying maximum braking force, but collision was unavoidable. The impact caused significant damage to my front bumper and passenger-side headlight area, including a major dent, scratches, and even the glass shatter of the front lamp. I can confirm I was not under the influence of any substances, my attention was fully on the road, and my vehicle was in perfect working order. This was clearly the third party's fault. | third_party_driver: I was driving on the EN125, thinking about what to get for dinner. I might have signaled to change lanes, I'm not sure, but then I had to brake really hard for some reason, maybe a car in front. Next thing I know, a Mercedes hit me from behind. I'm a bit shaken. My car has some scrapes on the back.",1
PT-PRG-2026-004,"detected_damages: dent, lamp broken, scratch | insured_driver: On October 23rd, 2026, at approximately 14:15, I was operating vehicle PT-XX-XX, an Audi A4, proceeding eastbound on Avenida João das Regras, approaching the intersection with Ponte de Santa Clara in Coimbra. The traffic signal for my direction of travel indicated green. Concurrently, a vehicle, identified as a Fiat Tipo, failed to yield from the southbound lane on the bridge, attempting a left turn. My vehicle impacted the front-left quadrant of the Fiat. Damage to my vehicle includes a significant dent to the front right fender, a broken headlamp assembly, and associated scratches. Airbag deployment did not occur. Speed at impact estimated at 30 km/h. | impartial_witness: I was walking near the bridge, waiting to cross. I saw the Audi go through the green light, and then the Fiat just turned in front of it without stopping. It was a clear right-of-way violation. The Audi couldn't avoid it. There was a loud crash. The Audi had front damage, and the Fiat looked bad on its side.",0
PT-PHN-2026-005,"detected_damages: dent, scratch | insured_driver: It was late, on Estrada Monumental, near the hotel. A car just came out of nowhere, no lights on, heading straight for me. I had to swerve hard to avoid it, you know? Hit the barrier on the side. My front bumper is all messed up, a big dent, a scratch. And I think there's a crack in the windshield and the front lamp is broken too. This needs to be repaired immediately.",1
PT-VBS-2026-006,"detected_damages: scratch | insured_driver: Oh dear, it was just terrible. I was going to the market, you know, at Largo do Paço, to buy some fresh vegetables for my grandchildren who were visiting from Vila Real. It was a lovely sunny day, not a cloud in the sky. I was just trying to park my little Dacia, very carefully, mind you, going maybe 5 km/h, and I scraped it against one of those pillars. I thought I had more space, my eyes aren't what they used to be after all these years. Just a long scratch on the side, nothing major thank goodness. My husband, God rest his soul, he would have been so upset. I hope it's not too expensive to fix, the pension is not much these days.",0
PT-AGG-2026-007,"detected_damages: dent, scratch | insured_driver: THIS IS ABSOLUTELY UNACCEPTABLE! I WAS STOPPED AT THE TRAFFIC LIGHT ON AVENIDA LUÍSA TODI, AND THAT IDIOT BEHIND ME JUST SLAMMED INTO MY REAR! IT WAS AT LEAST 20 KM/H! MY ENTIRE REAR BUMPER IS DESTROYED, A HUGE DENT, SCRATCHES EVERYWHERE, AND THE REAR WINDOW HAS A COMPLETE GLASS SHATTER! I'M GETTING A LAWYER IF THIS ISN'T SETTLED IMMEDIATELY. I EXPECT FULL COMPENSATION AND A RENTAL CAR. THIS IS AN OUTRAGE! I WILL CONTACT THE 'LIVRO DE RECLAMAÇÕES' IF YOU DRAG YOUR FEET!",1
PT-STG-2026-008,"detected_damages: scratch, dent | insured_driver: I was attempting to merge from a side street onto Rua João Mendonça. The driver of the blue Ford Focus, PT-YY-YY, clearly waved me forward, indicating it was safe to proceed. Trusting his gesture, I began my maneuver. However, without warning, he then accelerated, impacting the right front side of my vehicle. This constitutes a clear liability on the part of the third-party driver who explicitly gave me right of way and then failed to maintain a safe distance or yield. My front right fender has a significant scratch, a dent, and the right headlamp is broken. I demand immediate processing of this claim as the other driver was unequivocally at fault. | third_party_driver: I was driving on Rua João Mendonça. This Fiat came out from the side street. I might have slightly gestured to him to hurry up because traffic was building, but I certainly didn't 'wave him in' to cut me off. He just pulled out too fast, and I couldn't stop in time. We just scraped each other, a minor side impact.",1
PT-ACC-2026-009,"detected_damages: dent, scratch | insured_driver: Oh my god, like, I was just trying to park, you know, at Praça Ferreira de Almeida, near the cafe. It's such a tight spot, and I was so focused on not hitting the car next to me. I thought I cleared the pole, but then, like, CRUNCH! Just a slow bump, maybe 5 km/h. Now there's this really ugly dent and a big scratch on the back. My dad's gonna be so mad, I just got this car, you know? I hope it's not too bad. My heart is racing, man.",0
PT-PHN-2026-010,"detected_damages: dent, scratch | insured_driver: I WAS DRIVING ON AVENIDA DE LONDRES, APPROACHING THE ROUNDABOUT, AT A SAFE SPEED OF 50 KM/H. SUDDENLY, A VEHICLE, BLACK, I COULDN'T SEE THE MAKE OR MODEL, CAME FLYING OUT OF THE ROUNDABOUT WITHOUT ANY LIGHTS ON! I HAD TO SWERVE VIOLENTLY TO THE RIGHT TO AVOID A HEAD-ON COLLISION, HITTING THE CONCRETE BARRIER. THE IMPACT WAS TREMENDOUS! MY ENTIRE FRONT END IS OBLITERATED! THERE'S A HUGE DENT, DEEP SCRATCHES, THE WINDSHIELD HAS A MASSIVE CRACK, AND THE FRONT PASSENGER WINDOW HAS A COMPLETE GLASS SHATTER! I EXPECT THIS CLAIM TO BE HANDLED WITH THE UTMOST URGENCY AND FULL COMPENSATION FOR ALL DAMAGES, INCLUDING PAIN AND SUFFERING! DO NOT DELAY THIS! I HAVE NO TIME FOR GAMES!",1
PT-001-2026-001,"detected_damages: dent, scratch | insured_driver: Oh man, like, I was just driving along Rua Augusta, you know, heading to work, and this guy in front just stopped suddenly. I mean, it was kinda my fault, I guess? I totally braked, but like, didn't stop in time, and just a tiny bump, you know? Now my front bumper has this dent and a scratch. I'm so anxious about the cost, pá, this is my first accident. Do I need to pay a lot? | third_party_driver: I was stopped at the traffic light on Rua Augusta. My vehicle was stationary. I felt an impact from behind. Upon inspection, the front vehicle of the other driver made contact with my rear bumper. There is minor scratch damage and a small dent on my vehicle's rear.",0
PT-001-2026-002,"detected_damages: scratch, dent | insured_driver: I WAS TRYING TO PARK ON AVENIDA DOS ALIADOS, AND SOME IDIOT LEFT THEIR CAR HALF IN MY SPOT! I BARELY SCRAPED THEIR PAINT, BUT MY SIDE MIRROR IS SHATTERED, AND MY HEADLIGHT IS BROKEN! THERE'S A HUGE DENT ON MY DOOR TOO! THIS IS UNACCEPTABLE! I DEMAND IMMEDIATE COMPENSATION! I'M CALLING MY LAWYER AND THE LIVRO DE RECLAMAÇÕES IF THIS ISN'T RESOLVED TODAY! | third_party_driver: My car was parked correctly. I returned to find a minor scrape and a small dent on my rear passenger door. The other driver was yelling, claiming major damage to their vehicle, which seemed disproportionate to the contact.",1
PT-001-2026-003,"detected_damages: dent, scratch | insured_driver: I was travelling on the EN125, maintaining a safe and legal speed of approximately 60 km/h, well within the limit. My vehicle maintained a safe following distance of 30 meters from the vehicle ahead. Without any prior indication or obstruction, the blue Volkswagen Polo in front of me executed an extremely abrupt and unwarranted braking maneuver. Despite my immediate and forceful application of brakes, a collision was unavoidable. My front bumper sustained a dent and minor scratches. I assure you, I was not distracted and had not consumed any alcohol. | third_party_driver: I was driving on the EN125 and needed to slow down for a junction ahead. I braked normally. The car behind me hit my rear bumper. There's a dent and a scratch. I did not brake excessively hard, I was just reducing speed to turn off.",1
PT-001-2026-004,"detected_damages: scratch, dent | insured_driver: While traversing the Ponte de Santa Clara, I initiated a lane change to the left, having checked my mirrors and indicated appropriately. Concurrently, a vehicle in the adjacent left lane, a Ford Focus, also initiated a lane change to the right. This simultaneous maneuver resulted in a lateral impact. My passenger-side door sustained a significant scratch and a minor dent. The incident occurred at approximately 15:30. No injuries were reported. | third_party_driver: I was moving from the right lane to the left lane on the bridge. The Mercedes next to me also moved left at the same time. Our vehicles made contact. My driver-side front fender has a scratch. It was an unfortunate error in judgment from both sides.",0
PT-001-2026-005,"detected_damages: dent, scratch | insured_driver: I was parked near Praça do Bocage. I went into a café for like ten minutes. When I came back, some car had obviously backed into my front end and just fled the scene. I didn't see anything, it was quick. My front bumper is dented and scratched pretty badly, and I think a headlight is broken, and honestly, I'm sure the windshield has a crack or even a shatter from the impact. I just need this fixed ASAP.",1
PT-001-2026-006,"detected_damages: scratch | insured_driver: Oh, my dear. I was just leaving the Praça do Giraldo, you know, after getting some lovely pastries for my grandchildren, when I backed up a little too quickly. I just brushed a lamppost. It was barely a touch, but honestly, the whole bumper feels loose now, and there’s a massive crack, a really deep dent, and a scratch that goes all the way across. My little Dacia, bless its heart, it's really damaged, you know? I’m so upset, I almost cried.",1
PT-001-2026-007,"detected_damages: dent, scratch | insured_driver: Dude, I was at the intersection on Avenida da Liberdade, right? The light just changed green, and I started moving. But, like, this other car, a Ford Fiesta, totally ran the red light from the cross street. I tried to swerve, you know, but we just clipped. It was a pretty minor hit, but my front passenger side, like, bumper is dented and scratched. It's so frustrating, man, I'm gonna be late for my class now. | third_party_driver: I confess, I misjudged the traffic light. I thought I could make it through the intersection on Avenida da Liberdade. The Fiat 500 was already entering. We had a minor collision at the front right corner of their vehicle and my front left fender. My car has a scratch. I take responsibility.",0
PT-001-2026-008,"detected_damages: dent, scratch | insured_driver: I WAS TRYING TO PULL OUT OF A PARKING SPOT NEAR FORUM AVEIRO, AND THIS OLD LADY IN A CITROËN C3 WAVED ME OUT! I TRUSTED HER, BUT THEN SHE JUST ACCELERATED INTO MY SIDE! MY PASSENGER DOOR IS DENTED, SCRATCHED, AND MY SIDE MIRROR GLASS IS SHATTERED! I ALSO THINK THE REAR LAMP IS BROKEN! THIS IS HER FAULT, 100%! I WILL NOT TOLERATE DELAYS! PAY FOR THE DAMAGES NOW! | third_party_driver: I was driving slowly past the parking spots. I made a small gesture to the Audi driver as if to say 'take your time'. I did not wave him out. He pulled out suddenly and scraped the side of my vehicle. My front bumper has a minor scratch. He was very aggressive after the incident.",1
PT-001-2026-009,"detected_damages: dent, scratch | insured_driver: I was carefully navigating the access road to Praia da Rocha, which is notoriously narrow. There was a large delivery van encroaching on my lane, forcing me closer to the right. In an effort to avoid a more severe collision with the van, I unfortunately made contact with a small concrete post. It was a very low-speed impact, almost a graze. However, my rear passenger door sustained a dent and a scratch, and surprisingly, the rear window completely shattered due to the angle of impact. I had no other option but to swerve.",1
PT-001-2026-010,"detected_damages: dent, scratch | insured_driver: Oh, dear me, what a day! I was just trying to reverse out of my parking spot on Praça da República, you know, after visiting my daughter and her lovely children, and the sun was just so bright, absolutely blinding. My cataracts don't help, bless them. I looked in my mirror, but I just didn't see that little Fiat 500 behind me. Just a tiny bump, but it left a dent and a scratch on my rear bumper. My husband, he’s always telling me to be more careful, you know? What a fuss over nothing, really, but I suppose it needs to be reported. | third_party_driver: My car was correctly parked and unoccupied. I returned to find the rear of my vehicle had been struck. The other driver, an elderly lady, admitted she was reversing and didn't see my car. There is a small dent and a scratch on my front fender.",0
PT-101-2026-001,"detected_damages: dent, scratch | insured_driver: Dude, I was just chilling, like, driving my Clio on Avenida da Liberdade, right? And this guy just, like, slams the brakes, you know? I couldn't stop. My front bumper's got a dent and some scratches, man. This is gonna cost a fortune, pá, I'm so stressed about the excess. | third_party_driver: On 2026-03-15 at approximately 14:30, while operating my Volkswagen Golf northbound on Avenida da Liberdade, I executed a controlled stop due to traffic congestion. The vehicle behind, a Renault Clio, failed to maintain an adequate safety distance and impacted my rear bumper. Visual inspection reveals a minor dent and superficial scratches to the rear left panel. My speed was 0 km/h at the point of impact.",0
PT-101-2026-002,"detected_damages: scratch, dent | insured_driver: Yeah, so I was driving my Fiat 500 near Rua Augusta, you know, just a regular day. And this van, it just kinda brushed past me. Really damaged the side. I mean, my side panel is scratched, there's a dent for sure, and my front lamp is totally broken. It happened so fast, I didn't get the exact time or anything. But it's bad. I need this fixed ASAP.",1
PT-101-2026-003,"detected_damages: dent, scratch | insured_driver: I was proceeding in a safe and controlled manner on the IC19 near Queluz, maintaining the legal speed limit of 90 km/h. My vehicle, a Mercedes C-Class, was suddenly and without warning cut off by an unknown dark-colored car, forcing me to execute an emergency brake maneuver to prevent a major incident. My brake lights were fully functional. The Ford Focus behind me failed to react appropriately, resulting in a low-speed impact. The force of the collision caused significant damage, including a large dent to my rear bumper, scratches along the right side, and my rear right lamp is completely shattered, and I believe the rear windshield has a major crack. I was not under the influence of alcohol or any substances, and my vehicle was in perfect working order. This was clearly unavoidable on my part. | third_party_driver: On the evening of 2026-07-22, driving my Ford Focus on the IC19, the Mercedes C-Class ahead of me braked extremely hard and suddenly without apparent reason. I had insufficient distance to react. Impact occurred at approximately 40 km/h. Damages to my vehicle include a dent and scratches on the front bumper. The Mercedes sustained a dent and scratches on its rear bumper. No glass shatter or lamp damage was observed on the Mercedes.",1
PT-101-2026-004,"detected_damages: dent | insured_driver: Well, I was just trying to park my little Dacia Sandero near Parque Eduardo VII, you know, to go meet my granddaughter, Leonor, for some pasteis de nata. The sun was really bright, a beautiful day it was, but it made it hard to see the pole, bless its heart. My husband, Manuel, always tells me to be careful, and oh dear, I just backed into it ever so slightly. Just a little dent on the bumper, nothing major, thank goodness. These new cars are so sensitive, not like my old Fiat 127. I hope the insurance won't be too much trouble. It's all so confusing with these apps and forms.",0
PT-101-2026-005,"detected_damages: dent, scratch | insured_driver: I WAS WAITING TO PULL OUT FROM MY PARKING SPACE IN THE ZONA INDUSTRIAL DA MAIA IN MY BMW 3 SERIES. THE OTHER DRIVER, IN A CITROËN C3, CLEARLY WAVED ME FORWARD. I PROCEEDED CAREFULLY. THEN, FOR NO REASON, THEY ACCELERATED INTO ME! IT'S THEIR FAULT, UNDOUBTEDLY! MY FRONT LEFT FENDER HAS A MAJOR DENT, SCRATCHES ALL OVER THE SIDE, THE HEADLAMP IS COMPLETELY SMASHED, AND THE WINDSHIELD IS CRACKED! THIS IS SERIOUS DAMAGE! I DEMAND THIS IS RESOLVED IMMEDIATELY. I'M CALLING MY LAWYER IF THIS ISN'T SETTLED IN 24 HOURS. THIS IS ABSOLUTELY UNACCEPTABLE! DON'T EVEN THINK ABOUT DRAGGING YOUR FEET! | third_party_driver: Man, I was just trying to leave the industrial area, you know, I saw him trying to pull out and I, like, slowed down a bit, and maybe I made a gesture, but it wasn't a clear 'come on out' sign, dude. He just pulled out super fast into my path! I slammed the brakes, but couldn't avoid him. My C3 has a dent and scratches on the passenger side door. I'm really worried about what my parents will say, like, this is a mess.",1
PT-101-2026-006,"detected_damages: scratch | insured_driver: Yeah, so I was on the Ponte Vasco da Gama, just going with the flow. And this car, a small one, just barely touched my rear bumper. It was, like, a really light touch. But when I looked, my car, a Peugeot 308, has sustained significant damage. There's a deep scratch, and I'm pretty sure there's a big dent, maybe even a structural crack underneath the paint. It's more serious than it looked at first. I didn't get a good look at the other car, just that it was grey. It was late afternoon, around 6 PM, but I can't be more specific.",1
PT-101-2026-007,"detected_damages: dent, lamp broken | insured_driver: On 2026-04-01 at 10:15, while traversing Praça do Marquês de Pombal in Coimbra, operating my Audi A4, I entered the intersection on a green signal. A Kia Sportage, approaching from my right, failed to yield and proceeded against a red signal, impacting my front right fender. My speed at impact was approximately 20 km/h. Damages include a significant dent to the front right wing and a broken headlamp. I have attached dashcam footage confirming the signal status. | impartial_witness: Oh, I was just sitting on the bench by the garden, enjoying my morning coffee, it was such a lovely sunny day, like we used to have when my husband and I were dating here, so many years ago. And then, suddenly, a bang! The little green car, the Audi, it went straight, and that big white jeep, the Kia, just came right through, didn't seem to stop at all. My goodness, what a fright! The Audi certainly got a big dent and its light was all shattered. Poor driver, looked so shocked. I saw it all, my eyes are still good, thank God.",0
PT-101-2026-008,"detected_damages: scratch, dent | insured_driver: I was driving my Opel Corsa responsibly on Estrada Nacional 125 near Portimão, maintaining a consistent speed of 80 km/h, well within the legal limit. It was around 21:00, and visibility was moderate. Suddenly, a large, dark-colored van swerved aggressively into my lane from the right, making no attempt to signal. To avoid a head-on collision, I had to swerve sharply, and the van made contact with my passenger side, causing significant damage. There is a deep scratch along the entire right side, a substantial dent on the rear right door, and my rear right tail lamp is definitely broken. The van did not stop, speeding off towards Lagoa. I was not distracted by my phone, nor was I feeling fatigued. My vehicle was fully illuminated. I checked my mirrors constantly. This was an unprovoked hit-and-run by a reckless driver.",1
PT-101-2026-009,"detected_damages: dent | insured_driver: I WAS AT A COMPLETE STOP ON RUA DE SANTA CATARINA IN MY NISSAN QASHQAI, AND THIS IDIOT IN A SMART FOR TWO JUST ROLLED INTO ME! IT WAS A SHOCKING IMPACT, EVEN THOUGH HE WAS GOING SLOWLY, IT FELT MUCH WORSE. THE ENTIRE REAR BUMPER IS DENTED IN, THE REAR WINDSHIELD IS ABSOLUTELY SHATTERED, AND I FEEL LIKE I HAVE WHIPLASH! THIS IS A DISASTER! I NEED A LOANER CAR IMMEDIATELY AND MY CAR FIXED BY TOMORROW! I AM ALREADY CONTACTING THE 'LIVRO DE RECLAMAÇÕES' IF THIS ISN'T PRIORITIZED! I WON'T ACCEPT ANY DELAYS!",1
PT-101-2026-010,"detected_damages: dent, scratch | insured_driver: Okay, so I was driving my new Toyota Yaris super slowly through Bairro Alto, you know, it's so narrow there, pá. This pedestrian, like, just darted out from between two parked cars, totally unexpected. I braked as hard as I could, but, like, he just brushed against my side mirror and front fender. He seemed fine, just startled, and, like, ran off. But now my mirror casing has a scratch, and there's a small dent on the front wing. This is my new car, dude, I'm gonna get yelled at by my dad, for sure. I hope the repair isn't too expensive. | impartial_witness: At approximately 00:45 on 2026-08-10, while observing from a nearby establishment on Rua da Atalaia in Bairro Alto, I witnessed a pedestrian abruptly enter the roadway between parked vehicles. The Toyota Yaris, moving at an estimated 10 km/h, initiated emergency braking. A minor impact occurred where the pedestrian made contact with the vehicle's right-side mirror and front fender. The pedestrian departed the scene without apparent injury. Vehicle damage appeared to be superficial, comprising a scratch to the mirror and a small dent to the fender.",0
PT-AEC-2026-001,"detected_damages: dent, scratch | insured_driver: Oh man, like, I was just chilling, you know, at the traffic light on Rua do Ouro, waiting for it to turn green. And then, BOOM! This guy, like, just totally rear-ended me. My neck kinda hurts, but mostly I'm just stressed about the car, dude. There's a proper dent and a big scratch on the bumper, and I really can't afford this, you know? | third_party_driver: I was approaching the intersection. The traffic light changed to red, and I misjudged my braking distance. I apologize for the impact. My vehicle made contact with the rear of the Renault Clio in front of me. The speed at impact was approximately 10 km/h. I observed a dent and a scratch on the Clio's rear bumper.",0
PT-BGD-2026-002,"detected_damages: scratch, dent | insured_driver: At approximately 14:30 on November 15, 2026, while driving northbound on Avenida da Boavista, a Volvo V40, attempting to merge from the right lane, encroached upon my lane. This resulted in a side-swipe incident, causing superficial scratch damage and a minor dent along the passenger-side door and rear quarter panel of my vehicle. My speed was approximately 40 km/h. The incident was a direct result of the third-party driver's improper lane change. | third_party_driver: I was merging onto Avenida da Boavista. I checked my mirrors, but I believe I misjudged the distance. I made contact with the side of the Volkswagen Golf. I saw a scratch and a small dent on their car. It was my fault, I admit.",0
PT-CHQ-2026-003,"detected_damages: dent, lamp broken | insured_driver: Well, I was at the Colombo shopping centre, you see, picking up some groceries for my grandchildren, bless their hearts. It was raining a bit, and I just wasn't paying proper attention as I reversed out of my spot, near aisle F, I think it was. I heard a small bump and realised I'd hit the concrete pillar. Oh dear. My front passenger lamp is broken, completely shattered, and there's a big dent near it. My husband is going to be furious, you know how he is about his car. It wasn't even mine, it's his. Anyway, it's a real mess.",0
PT-DRX-2026-004,"detected_damages: scratch | insured_driver: Look, I was just driving, minding my own business, somewhere near Rua Augusta, you know, around lunchtime, give or take. This idiot just came out of nowhere, barely touched me, but the damage is really significant. There's a huge scratch, definitely a dent on the passenger door, and I'm pretty sure there's a small crack or even a glass shatter on the side mirror from the impact. I need this fixed ASAP, it's crucial for my work, and it's clearly their fault. | third_party_driver: I was making a slow turn at an intersection. I barely scraped the Peugeot. It was a very light touch, no more than 5 km/h. I saw a minor scratch, nothing else. The driver of the Peugeot is making a big fuss over nothing, in my opinion.",1
PT-ESY-2026-005,"detected_damages: dent, scratch | insured_driver: I WAS AT THE ROTUNDA DA AREOSA, AND THIS IDIOT IN A WHITE VAN JUST CUT ME OFF! I HAD TO SWERVE TO AVOID A MAJOR CRASH, AND I HIT THE CURB. MY FRONT BUMPER IS COMPLETELY DENTED, THERE'S A HUGE SCRATCH ALL ALONG THE SIDE, AND MY FRONT LEFT LAMP IS BROKEN! I NEED THIS CAR FIXED IMMEDIATELY! DO NOT TRY TO LOWBALL ME. I WILL CONTACT MY LAWYERS AND THE LIVRO DE RECLAMAÇÕES IF THIS ISN'T HANDLED PROFESSIONALLY AND QUICKLY!",1
PT-FTZ-2026-006,"detected_damages: dent, scratch, glass shatter | insured_driver: I was proceeding cautiously over the Ponte 25 de Abril, maintaining a legal speed of precisely 70 km/h, well below the limit. I had not consumed any alcohol or impairing substances. Suddenly, a vehicle, which I believe was a black Mercedes, swiftly moved in front of me from the right lane, applied its brakes very sharply and unnecessarily. Despite my immediate and forceful braking action, I was unable to avoid a rear-end collision. My vehicle sustained significant damage to the front, including a dent, extensive scratches, and most notably, the windscreen shattered on impact. It was a completely unavoidable situation caused by the erratic driving of the other party, who then sped off. | impartial_witness: I was driving a few cars behind. I saw a black Mercedes cut in front of an Audi very quickly and brake hard. The Audi didn't have time to react and hit it. The Mercedes then just drove away. The Audi had a lot of damage, especially the front windscreen, it looked like it shattered.",1
PT-GHA-2026-007,"detected_damages: dent, scratch, lamp broken | insured_driver: I WAS TRYING TO TURN LEFT OFF ESTRADA NACIONAL 10, AND THE DRIVER OF THE OPEL CORSA WAVED ME THROUGH! I BEGAN TO MAKE MY TURN, AND THEN THEY JUST ACCELERATED INTO MY SIDE! THIS IS THEIR FAULT! MY PASSENGER DOOR IS DENTED, THE WHOLE SIDE IS SCRATCHED, AND MY HEADLIGHT IS COMPLETELY BROKEN. THIS IS A SCAM! I DEMAND IMMEDIATE SETTLEMENT. I WILL NOT TOLERATE DELAYS. I'M CALLING MY LAWYER RIGHT NOW AND YOU WILL HEAR FROM THE LIVRO DE RECLAMAÇÕES! | third_party_driver: I was stopped at the intersection on EN10. The BMW driver was facing me, indicating left. I think they misinterpreted my slight head nod; I was just stretching my neck. I absolutely did not wave them to proceed. When they started turning, I attempted to brake, but couldn't avoid the collision. They hit my front corner. Their car got a dent and scratch, maybe a lamp issue, but I certainly didn't wave them through.",1
PT-IJL-2026-008,"detected_damages: scratch, dent | insured_driver: It was just a normal afternoon, around Porto center, you know, navigating the usual traffic. A delivery van just came too close, swerved into my lane without warning. It was a definite side-swipe. My entire passenger side, from the front door all the way to the back, has major scratches. There's a deep dent too, and I think I even saw a small crack near the window, but it's hard to tell. I need this car back in pristine condition, this is my livelihood. | impartial_witness: I was walking by Avenida dos Aliados. I saw a white van swerve very aggressively into the lane of a Mercedes-Benz. It was a clear side-swipe. The Mercedes driver had no chance to avoid it. There was definitely a long scratch and a noticeable dent on the Mercedes, and I recall seeing something like a small crack on the window too.",1
PT-KMN-2026-009,"detected_damages: dent, scratch, lamp broken | insured_driver: I was driving on Estrada da Circunvalação, maintaining a consistent and legal speed of 80 km/h. The road conditions were optimal, and I was fully focused. Suddenly, without any prior indication, a dark grey van, without its lights on, swerved directly into my lane from an adjacent side road. I had to execute an immediate, evasive maneuver to prevent a head-on collision. This sudden action caused me to lose control momentarily, striking the guardrail. There was no physical contact with the van, which continued driving without stopping. My front bumper is severely dented, there are deep scratches along the side panel, and my passenger-side headlamp is completely broken. It was truly terrifying and completely due to the phantom vehicle.",1
PT-OPQ-2026-010,"detected_damages: dent, scratch | insured_driver: At precisely 10:15 AM, while proceeding through the intersection at Largo do Carmo, with a confirmed green light, a Nissan Qashqai, travelling at an estimated 35 km/h, disregarded its red signal and impacted my vehicle on the front-right quarter. My vehicle sustained substantial damage: a major dent on the front fender, extensive scratching along the side, and critically, the front headlight assembly is completely broken and the windshield has a significant glass shatter from the force of the collision. It was an egregious violation of traffic law by the third party, and my vehicle is now un-drivable due to the shattered glass and broken lamp. | third_party_driver: I was at the intersection. I believe my light was yellow, not red. The Honda came through very fast. We made contact. I saw a dent and some scratches on their car. I don't recall seeing any shattered glass or broken lamps on their car, it seemed like a low-impact collision.",1
PT-LIS-2026-001,"detected_damages: dent, scratch | insured_driver: Oh man, like, I was just driving down Avenida da Liberdade, you know? And this dude in front just slammed on his brakes, completely out of nowhere, pá. I tried to stop, I really did, but it was just too sudden. Like, my car, it's got a dent and a scratch on the front bumper. My parents are gonna kill me, you know? This is gonna cost so much. | third_party_driver: I was proceeding cautiously, maintaining the speed limit of 50 km/h. The vehicle behind me, a Renault Clio, failed to maintain a safe following distance. I had to brake sharply due to an animal entering the roadway. The Clio subsequently impacted my rear bumper. There's a scratch and a small dent on my vehicle's rear.",0
PT-PRT-2026-002,"detected_damages: scratch, dent | insured_driver: At approximately 14:35, while exiting parking bay C-12 in the Shopping Cidade do Porto underground garage, I was executing a controlled turn. A Volvo V40, which was simultaneously reversing from the adjacent bay C-13, made contact with the passenger side of my vehicle. The impact resulted in a scratch extending approximately 20 centimeters and a minor dent on the rear right door panel. Vehicle speeds were minimal, estimated below 5 km/h. | third_party_driver: I was slowly reversing my Volvo V40 from a parking spot when the driver of the Volkswagen Golf, attempting to leave their spot, misjudged the distance. My rear bumper made contact with their passenger side door. I observed a scratch and a dent on the Golf's door. There is also a small scratch on my rear bumper. It was an unfortunate error of judgment from both sides during a low-speed maneuver.",0
PT-CBR-2026-003,"detected_damages: lamp broken, dent, crack | insured_driver: Oh dear, I was just going to the market, you see, to get some fresh fish for dinner, the grandchildren were coming over, it was a lovely sunny Tuesday, not a cloud in the sky. I was at the intersection near the old bridge, minding my own business, signal on, waiting for my turn, when suddenly, out of nowhere, this young man, very fast, didn't even look, just went straight into my front, can you believe it? My poor little Citroën, the headlight is completely smashed and there's a big dent and a crack near the bonnet. I'm still shaking from the fright. It was a horrible experience, just horrible.",0
PT-FAR-2026-004,"detected_damages: scratch | insured_driver: I was parked near Praia de Faro, sometime last week, maybe Tuesday? Or Wednesday? Anyway, when I got back to my car, some idiot must have hit me. There's a scratch on the side, obviously. But the main thing is, my front lamp is broken, completely shattered! And the front passenger window has a big crack, almost shattered. I need this fixed immediately, this is urgent. I can't drive like this. Just send someone to assess the damages and get this processed fast, okay?",1
PT-CAS-2026-005,"detected_damages: dent, scratch | insured_driver: On the A5 motorway, near the exit for Cascais, at approximately 10:15 AM. I was maintaining a constant speed of 90 km/h in the right lane. My following distance to the vehicle ahead, a dark blue Ford Focus, was approximately 30 meters. Suddenly, a silver Renault Megane, which had been driving aggressively, swerved sharply into the lane directly in front of the Ford Focus without indicating. The Ford Focus was forced to perform an emergency brake maneuver. Despite my immediate reaction, applying full braking force, I was unable to avoid a low-speed impact with the rear of the Ford Focus. My front bumper sustained a significant dent and multiple scratches, and the left headlight is now completely broken. I had not consumed any alcohol, and my attention was fully on the road.",1
PT-LIS-2026-006,"detected_damages: dent, scratch | impartial_witness: I was having coffee at a terrace in Praça do Comércio around 3 PM. I saw a white Fiat 500 driving slowly, probably less than 20 km/h, on the road adjacent to the square. A pedestrian, a man in his 60s, suddenly stepped into the road without looking, engrossed in his phone. The car braked, but the front bumper still made contact with the pedestrian's leg. He fell but seemed to get up quickly. The car has a small dent and a scratch on the front passenger side bumper. The driver immediately got out to assist. It was clearly the pedestrian's fault for not paying attention.",0
PT-EVR-2026-007,"detected_damages: dent, scratch | insured_driver: I was travelling on the N114, approximately 15 kilometers outside Évora, at precisely 18:40. The conditions were overcast with light drizzle, which limited visibility. A large, dark blue commercial van, possibly a Mercedes Sprinter, travelling in the opposite direction, suddenly veered into my lane, approximately 50 meters ahead. I swerved sharply to the right to avoid a head-on collision. Despite my evasive action, the van's side made contact with my passenger side mirror and front door. The side mirror was completely torn off, and the passenger window shattered. There is also a significant dent and multiple deep scratches along the entire passenger side. The van did not stop and continued at high speed. I could not ascertain the license plate due to the rain and the speed of the other vehicle.",1
PT-CAS-2026-008,"detected_damages: scratch | insured_driver: I WAS PARKED AT JUMBO CASCAL, I CAME BACK TO MY CAR AND SOMEONE SCRAPED IT! IT'S A MINOR SCRATCH BUT MY LEFT REAR LAMP IS COMPLETELY BROKEN AND THERE'S A HUGE DENT ON THE SIDE DOOR. I DEMAND THIS IS PROCESSED IMMEDIATELY. I'M NOT WAITING AROUND FOR YOUR BUREAUCRACY. IF THIS ISN'T RESOLVED BY TOMORROW, I'M CALLING MY LAWYER AND GOING STRAIGHT TO THE LIVRO DE RECLAMAÇÕES! DO YOU UNDERSTAND? I NEED MY CAR FIXED NOW!",1
PT-LIS-2026-009,"detected_damages: dent, scratch | insured_driver: At approximately 16:00, while navigating the Rotunda do Marquês de Pombal, I was attempting to merge into the inner lane. The driver of the dark grey Renault Clio in the adjacent inner lane, a female in her 30s, clearly signaled with her hand, waving me to proceed. Trusting her indication and confirming my path was clear, I began my maneuver. Unexpectedly, the Clio accelerated, striking my front right fender. My right front lamp is shattered, and there is a significant dent and deep scratches. I was driving cautiously, at a speed no greater than 15 km/h, and I can confirm I had not consumed any alcoholic beverages prior to the incident.",1
PT-PRT-2026-010,"detected_damages: dent, lamp broken | impartial_witness: Yeah, like, I was driving on Via Norte, going towards the airport, you know? And this red Dacia Sandero just totally slammed into the back of a grey Peugeot 308. Dude, it was super loud. The Peugeot had to brake hard because of traffic, but the Dacia behind it just didn't react fast enough. The Peugeot's rear bumper is all dented, and one of its tail lights is completely broken. Hope no one's hurt, pá.",0
PT-LIS-2026-001,"detected_damages: dent, scratch | insured_driver: Oh man, like, I was just chilling, driving on Rua Augusta, you know? And this dude in front just slammed on his brakes out of nowhere. I swear I was going, like, maybe 30 km/h, not fast at all, but I couldn't stop in time, pá. My front bumper's got a big dent and a scratch, I'm so worried about the costs, like, is this gonna be super expensive? It's my first accident. | third_party_driver: I was proceeding north on Rua Augusta. Traffic ahead suddenly decelerated due to a pedestrian crossing. I applied brakes appropriately. The vehicle behind, a silver Renault Clio, failed to maintain a safe following distance and impacted my rear bumper. I estimate his speed at impact was approximately 20-25 km/h. My vehicle sustained minor paint damage and a slight dent to the rear fascia.",0
PT-PRT-2026-002,"detected_damages: scratch | insured_driver: I was backing out of my parking spot at Gaia Shopping. This other car just came out of nowhere. I barely touched it, just a little scrape. But my car, it's really bad. The whole side is messed up. There's a big scratch, a dent on the fender, and my rear lamp is completely broken. I need this fixed ASAP. What do I need to do to get paid quickly?",1
PT-FNC-2026-003,"detected_damages: dent, scratch | insured_driver: I was driving within the speed limit, approximately 50 km/h, on Estrada Monumental. I had checked my mirrors and indicated my intention to change lanes to the right. The other vehicle, a silver Fiat Punto, suddenly swerved into my lane without warning, causing a direct side-swipe. I had no opportunity to avoid the collision. My driver's side door has a significant dent, a deep scratch, the side mirror's glass is shattered, and the front indicator lamp is broken. I was not under the influence of any substances, my focus was entirely on the road. | third_party_driver: I was maintaining my lane on Estrada Monumental. The Audi A4, which was in the lane to my left, abruptly moved into my lane. I attempted to brake and swerve, but the Audi made contact with my passenger side. The damage to my vehicle appears to be minimal, primarily a scrape. I did not observe any indicator signal from the Audi prior to its lane change.",1
PT-CPH-2026-004,"detected_damages: dent, lamp broken, scratch | insured_driver: At 14:35, I approached the intersection of Praça Marquês de Pombal. My traffic signal was green. I proceeded cautiously. A white van, registration 55-XX-XX, disregarded the red light and entered the intersection from my left, impacting the front-right quarter of my vehicle. Impact speed estimated at 30 km/h. Damages include a substantial dent to the front passenger fender, a broken headlight assembly, and extensive paint scratches along the right side. Airbags did not deploy. Vehicle is currently inoperable. | impartial_witness: I was at the pedestrian crossing, waiting. The Skoda had a green light, definitely. The white van, I saw it, it just blew through the red light, didn't even slow down. Hit the car on the front side, right where the passenger sits. Looked like the headlight shattered and there was a big crumple.",0
PT-FAR-2026-005,"detected_damages: scratch | insured_driver: I was just doing 20 km/h on Avenida 5 de Outubro, moving with traffic. The driver behind me WASN'T PAYING ATTENTION and hit me! It was a HARD impact! My bumper is completely damaged, there's a huge DENT, a terrible SCRATCH, and I'm pretty sure there's a CRACK underneath! This is ridiculous! I want this processed IMMEDIATELY! I will call my lawyer and use the Livro de Reclamações if this isn't handled RIGHT NOW!",1
PT-SET-2026-006,"detected_damages: dent, crack | insured_driver: I was driving on EN10, you know, just going along. Then suddenly, this car, it just came out from nowhere, really fast. It almost hit me, so I had to swerve hard to avoid it. I think it was a dark car, maybe a hatchback. I ended up hitting a barrier on the side of the road. My front bumper has a big dent and there's a crack in the headlight casing. It was all very quick. I just want to get my car fixed.",1
PT-BRG-2026-007,"detected_damages: dent, scratch | insured_driver: Oh dear, this is all so upsetting. I was just trying to reverse out of my spot, you see, outside the church on Rua do Anjo, after visiting my sister Maria. It was a lovely sunny day, but the sun was right in my eyes, and I just… I didn't see the little pillar behind me. It was so silly of me. My husband, Manuel, always says I should be more careful. Anyway, I just tapped it, but it made a bit of a dent and a nasty scratch on the back bumper. It's not too bad I hope, but I worry. Is this going to be a big problem, bless its heart?",0
PT-POR-2026-008,"detected_damages: dent, scratch | insured_driver: I was travelling over Ponte da Arrábida, maintaining my lane and speed at approximately 60 km/h. The driver of the green Ford Focus in the adjacent lane gestured, as if inviting me to merge. I cautiously began to do so, having signalled. However, the Focus then accelerated, closing the gap and causing a collision with my front-right side. My vehicle sustained a dented fender, significant scratches, a broken headlight, and the passenger side window appears to be shattered. I exercised due diligence; this incident was caused by the third party's erratic driving. | third_party_driver: I was on the Ponte da Arrábida, in the right lane. The Citroën C3, which was trying to merge from the left, indicated. I slowed down and briefly waved to acknowledge. However, as the Citroën started to merge, it abruptly accelerated and swerved into my lane, impacting my front-right side. I did not invite them to merge into an unsafe gap. My vehicle has a small dent and some paint transfer on the front-right panel.",1
PT-AVE-2026-009,"detected_damages: scratch | insured_driver: Dude, I was just trying to park on Avenida Lourenço Peixinho, it's always so tight there, you know? And I just misjudged it a bit, like, scraped a street sign. It was super minor, barely felt it. But when I got out, oh man, the damage! There's a scratch, obviously, but also a huge dent on the front bumper and my fog lamp is completely broken! This is so annoying, I need to get this sorted quickly, like, what's the deal with fixing it? So stressful, pá.",1
PT-VGS-2026-010,"detected_damages: dent, scratch | insured_driver: At approximately 11:00, while navigating the roundabout at Praça da República, I was executing a right turn. My speed was approximately 10-15 km/h. A pedestrian, an elderly gentleman, unexpectedly stepped into the crosswalk directly in front of my vehicle, not observing the traffic light. I braked immediately but was unable to avoid a very low-speed impact. The pedestrian appeared shaken but declined medical assistance. My vehicle sustained a minor dent and a scratch on the front passenger side bumper. I possess dashcam footage confirming my adherence to traffic regulations. | impartial_witness: I was having my coffee at the café nearby, watching the traffic. The little Toyota was going very slowly, it was turning. The old man, coitado, he just walked right out without looking, into the road. The car driver tried to stop, I saw the brakes light up, but it was too late. He just nudged him, really gentle. The car got a little bump and scrape, I saw it. The driver was very good, immediately checking on the man.",0
PT-NEW-2026-001,"detected_damages: dent, lamp broken | insured_driver: Oh, it was just a terrible fright. I had just bought some lovely fresh bread near Praça do Giraldo for my husband Joaquim, he loves it warm. I stopped at the pedestrian crossing to let a young mother with a pram cross. Then, out of nowhere, such a loud bang! My poor little Nissan Micra, the back is all dented in, and the left tail light is completely smashed. I was so shaken, my hands were trembling for an hour. It's just a dent and a broken lamp, but the shock of it all! | third_party_driver: I was proceeding behind the Nissan Micra at approximately 25 km/h. The driver stopped abruptly for a pedestrian. I applied my brakes but the road surface was slightly damp, increasing my stopping distance. Impact occurred with the rear of the Nissan. I observed a dent on their bumper and a fractured tail lamp assembly. I accept liability for the collision.",0
PT-NEW-2026-002,"detected_damages: scratch | insured_driver: Yeah, parked my car somewhere in Parque das Nações yesterday, maybe near the casino or the arena, I don't really remember the exact spot or time. Came back and someone had hit it. It's not just a scratch, there is a deep dent on the door and a crack on the lower trim. I need the money for the repairs sent to my account as soon as possible, I don't have time to take it to your approved shops.",1
PT-NEW-2026-003,"detected_damages: dent, scratch | insured_driver: I was perfectly positioned at the yield line of Rotunda do Relógio, waiting for a safe gap. The driver of the approaching blue Peugeot 308 made deliberate and prolonged eye contact, followed by a clear, sweeping hand gesture instructing me to enter the roundabout. Acting in good faith upon this explicit signal, I accelerated to 15 km/h. He then intentionally rammed my front left wing. There is a massive dent, deep scratches, and the passenger window suffered a complete glass shatter from the sheer force. I had zero alcohol in my system and was driving flawlessly. | third_party_driver: Dude, like, I was just driving around the roundabout, you know? I never waved at him! I was just adjusting my sun visor, pá. He just pulled out right in front of me! I slammed the brakes but still bumped his side. It was a light tap, just left a scratch and a small dent, no broken glass or anything crazy.",1
PT-NEW-2026-004,"detected_damages: scratch, dent | insured_driver: LISTEN TO ME, SOME LUNATIC IN A VAN RAN ME OFF THE A22! HE CAME INTO MY LANE AT 120 KM/H AND I HAD TO CRASH INTO THE GUARDRAIL TO SURVIVE! HE DIDN'T STOP! MY BMW IS RUINED! THE SIDE IS COMPLETELY SCRATCHED AND DENTED, THE FRONT LAMP IS BROKEN OFF, AND THE WINDSHIELD HAS A MASSIVE GLASS SHATTER! I DEMAND THIS CLAIM IS APPROVED BY TOMORROW MORNING OR I AM CALLING MY LAWYER AND WRITING IN THE LIVRO DE RECLAMAÇÕES! DO YOUR JOB!",1
PT-NEW-2026-005,"detected_damages: dent, crack | insured_driver: Oh man, like, this is a disaster, pá. I was just driving down Rua de Santa Catarina, looking for a place to park, and I kinda got distracted for a second, you know? And the taxi in front of me just stopped dead. I hit him, like, not super fast, but enough. My front bumper has this big dent and a crack right down the middle now. I'm so stressed, like, my dad is gonna kill me. I totally admit it was my fault, dude. | third_party_driver: I was operating my taxi and stopped at the designated pedestrian crossing. Vehicle B, a Seat Ibiza, failed to stop in time and impacted my rear bumper. The impact caused a noticeable dent and a crack on the plastic fascia of their vehicle. My vehicle sustained minor scuffing. Driver B admitted fault immediately at the scene.",0
PT-NEW-2026-006,"detected_damages: scratch, lamp broken | insured_driver: On 2026-04-12 at approximately 08:45, I was proceeding eastbound on Avenida 24 de Julho, occupying the center lane at a speed of 40 km/h. The third-party vehicle, a white Peugeot 208, initiated a lane change from the left lane into my path without adequate signaling. Evasive braking was applied, but lateral contact was made. Damage is isolated to the front-left quadrant, specifically a deep scratch along the fender and a completely broken side indicator lamp. The other driver acknowledged their failure to check the blind spot. | third_party_driver: Dude, I'm so sorry, like, I totally messed up. I was trying to switch lanes to make a turn near Cais do Sodré and I just didn't see the Passat in my mirror. I heard a scrape and a pop. My bad, pá. His car definitely got a scratch and that side light is busted. My car has a scratch too.",0
PT-NEW-2026-007,"detected_damages: scratch | insured_driver: I WAS JUST TRYING TO LEAVE THE PARKING LOT AT THE RETAIL CENTER AND THIS IDIOT REVERSED RIGHT INTO MY DOOR! THE IMPACT WAS MASSIVE! MY CAR NOW HAS A HUGE DENT ON THE SIDE, AND THE FORCE WAS SO STRONG THAT MY REAR WINDOW HAS A COMPLETE GLASS SHATTER! THIS IS UNACCEPTABLE! I DEMAND THIS IS PAID IMMEDIATELY! IF YOU DELAY THIS CLAIM FOR EVEN ONE DAY, I AM GOING TO MY LAWYER AND WRITING IN THE LIVRO DE RECLAMAÇÕES! | impartial_witness: I was loading groceries into my trunk nearby. The other car was reversing very slowly, maybe 2 or 3 km/h, and just grazed the side of the Seat Leon. It was a very light tap. I walked over to check if everyone was okay, and there was only a surface scratch on the Seat. Definitely no broken glass or huge dents. The Seat driver got out and immediately started screaming.",1
PT-NEW-2026-008,"detected_damages: dent, scratch | insured_driver: I was operating my vehicle southbound on the EN1 at a steady, legal speed of 80 km/h, maintaining a safe following distance of exactly 40 meters. Without any obstruction or valid traffic reason, the dark blue Opel Astra ahead of me executed a violent emergency braking maneuver. Despite my immediate reaction and fully functional braking system, a rear-end collision occurred. My front bumper sustained a deep dent, several scratches, a significant crack in the grille, and the right headlamp is completely broken. I can categorically confirm I had zero alcohol in my system and was fully attentive to the road. | third_party_driver: I was driving on the EN1 at 80 km/h. An animal, possibly a stray dog, ran across the road, necessitating an emergency stop to prevent a fatal impact with the animal. The Audi A4 behind me failed to stop in time. My rear bumper sustained a severe dent. I confirm my brake lights were fully operational at the time of the incident.",1
PT-NEW-2026-009,"detected_damages: dent, crack | insured_driver: Oh dear, it was such a fright, I tell you. I was just driving down to Largo da Portagem to pick up my husband's heart medication from the pharmacy, he can't walk very well these days, bless him. The traffic was stopped, so I stopped, very carefully. And then, *bump*! The young lady behind me just didn't brake in time. She was very apologetic, said she was looking at her phone. My poor little Fiat, the back bumper has a nasty dent in it now, and there's a crack right down the plastic. It's such a hassle, but at least nobody was hurt, that's the main thing. | third_party_driver: Yeah, like, it was totally my fault, man. I was stuck in traffic near the bridge in Coimbra, and I just glanced down at a text message for a second, you know? When I looked up, the lady in front had stopped. I hit the brakes but just slid into her. Her bumper got a dent and a crack. I feel super bad about it, pá.",0
PT-NEW-2026-010,"detected_damages: dent, scratch | insured_driver: Yeah, I was driving on the A22 somewhere near the Albufeira exits. Sometime late afternoon yesterday, didn't check the clock. Some car just came into my lane and ran me off the road. I had to hit the side barrier. My SUV is really messed up now. There's a big dent, scratches everywhere, and the passenger side window has a massive glass shatter. The other car didn't stop, obviously. I need the money for the repairs transferred quickly so I can get this sorted out.",1
PT-NEW-2026-011,"detected_damages: dent, scratch | insured_driver: Dude, like, I was just crossing the intersection on Avenida Diogo Leite, right? The light was totally green for me, pá. And then this other car just, like, ran the red light from the side street and bumped into my door. I tried to brake, but my car has a dent and a long scratch now. I'm so stressed about this, man, I hope the insurance covers everything. | third_party_driver: I admit I made a mistake. I was looking for a specific street and didn't notice the light had turned red. I entered the intersection at about 20 km/h and hit the side of the Seat Ibiza. My front bumper has a scratch, but their side door definitely took a dent.",0
PT-NEW-2026-012,"detected_damages: scratch | insured_driver: THIS IS ABSOLUTE RUBBISH! I WAS PARKED AT NORTESHOPPING AND SOME LUNATIC RAMMED INTO MY CAR AND FLED! THE ENTIRE SIDE HAS A MASSIVE DENT, THE REAR LAMP IS BROKEN, AND THE WINDOW HAS A GLASS SHATTER! I DEMAND IMMEDIATE PAYMENT FOR ALL DAMAGES! DO NOT WASTE MY TIME WITH INVESTIGATIONS OR I WILL BE FILING A COMPLAINT IN THE LIVRO DE RECLAMAÇÕES AND CALLING MY LAWYER RIGHT NOW!",1
PT-NEW-2026-013,"detected_damages: dent | insured_driver: I was travelling southbound on the A1, maintaining a constant and legal speed of 100 km/h in the right lane. I had zero alcohol in my system. A dark grey Volkswagen Golf aggressively overtook me, cut into my lane with less than 5 meters of clearance, and performed a sudden, unjustified emergency stop. My reaction time was optimal, but the collision was inevitable. My front bumper sustained a deep dent, a structural crack, and the headlamp is broken. I request immediate full liability assignment to the third party. | third_party_driver: I was driving on the A1. A large piece of debris suddenly appeared in my lane, forcing me to execute an emergency braking maneuver to avoid a fatal crash. The Audi behind me was clearly not maintaining a safe following distance and rear-ended my vehicle. My rear bumper has a dent. My brake lights were fully operational.",1
PT-NEW-2026-014,"detected_damages: scratch | insured_driver: Yeah, so I parked my car somewhere near the strip in Portimão, probably last night or early this morning. I came back to it and someone had obviously hit it hard and driven off. The side has a huge dent, a nasty scratch, and the side mirror has a complete glass shatter. I didn't see any cameras around. I just need you to send the payout so I can get it fixed at my own mechanic.",1
PT-NEW-2026-015,"detected_damages: scratch, dent | insured_driver: Oh dear me, it was such a silly mistake. I was just taking my little dog, Tobias, to the vet near Praça da República, and the sun was right in my eyes. I was reversing into a spot, very slowly, mind you, and I just didn't see the concrete planter. I gave it a little bump. My poor Opel has a dent on the back and a long scratch now. My late husband always told me to check the mirrors twice. I'm so sorry for the trouble.",0
PT-NEW-2026-016,"detected_damages: scratch | insured_driver: I was navigating the Estrada Monumental at exactly 40 km/h. I had both hands on the wheel and was completely sober. A tourist rental car swerved into my lane. I maintained my trajectory perfectly, but they side-swiped me. The damage is extensive. Alongside the scratch, my side indicator lamp is broken, and the passenger window suffered a glass shatter from the vibration. I acted flawlessly; the liability is 100% on the other driver who fled.",1
PT-NEW-2026-017,"detected_damages: dent, scratch | insured_driver: THIS IS OUTRAGEOUS! I WAS WAITING TO ENTER THE ROUNDABOUT AND THE DRIVER IN THE PEUGEOT LITERALLY WAVED HIS HAND OUT THE WINDOW TELLING ME TO GO! I PULLED OUT CAREFULLY AND HE PURPOSELY ACCELERATED INTO MY CAR! HE DENTED MY DOOR, SCRATCHED THE PAINT, BROKE MY HEADLAMP, AND CRACKED THE BUMPER! I WANT MY CAR FIXED TODAY OR I AM SUING THE INSURANCE COMPANY! IT WAS A TRAP! | third_party_driver: I was already inside the roundabout. I never waved at anyone, I was pointing at a sign for my passenger. The Mercedes just shot out in front of me. I hit the brakes but scraped their side. Just a dent and a scratch. He got out screaming like a maniac.",1
PT-NEW-2026-018,"detected_damages: dent, crack | insured_driver: Incident occurred at 08:30 on Avenida 5 de Outubro. Traffic was operating in a stop-and-go pattern. I brought my vehicle to a complete halt due to a red signal ahead. The third-party vehicle, a Dacia Duster, failed to decelerate in time and impacted my rear bumper. The collision resulted in a visible dent and a horizontal crack across the lower plastic trim of my bumper. Contact information was exchanged amicably. | third_party_driver: I was driving behind the Volvo. I misjudged the braking distance when the traffic stopped abruptly. My front bumper hit the Volvo's rear at about 15 km/h. I confirm there is a dent and a crack on their bumper. I assume full responsibility.",0
PT-NEW-2026-019,"detected_damages: scratch | insured_driver: Yeah, I was driving on the IC19 last night. Some car cut me off really badly, so I had to swerve and I hit the side wall. The other car didn't stop. My car is totaled. The side has a massive dent, a deep scratch, the headlamp is broken, and the window has a complete glass shatter. Since it was a hit and run, I need you to transfer the funds to my account quickly.",1
PT-NEW-2026-020,"detected_damages: dent | insured_driver: Like, dude, I feel so stupid. I was in Faro, trying to reverse out of this super tight spot near Largo de Camões, you know? I was looking at my phone for, like, one second to check the GPS, and I just bumped right into the delivery van behind me. I was going like 5 km/h. My trunk has a dent now, pá. The van driver was chill about it, but I'm worried about my insurance. | third_party_driver: I was parked making a delivery. The young driver in the Ford Fiesta reversed directly into my front bumper. It was a very low impact. My van is fine, but the Fiesta got a dent on the tailgate.",0
PT-NEW-2026-021,"detected_damages: scratch | insured_driver: Oh, my goodness, I was just driving to the bakery on Rua Augusta to get some fresh pastéis, and this young boy on a scooter just scraped right past my car! He barely touched the door, but the noise was terrifying! Now there is a terrible scratch, and I am quite sure the side window has a glass shatter forming, and the indicator lamp is completely broken! It was such a traumatic experience, I need everything replaced brand new!",1
PT-NEW-2026-022,"detected_damages: dent, scratch | insured_driver: I was on the A25. The car in front just stopped dead for no reason. I hit him. It wasn't my fault, he just stopped. My SUV has a huge dent, scratches, a crack on the grille, and the headlamp has a glass shatter. I don't care about the details, just process the claim. The other driver already admitted it to me privately. Send the money. | third_party_driver: I was driving normally. A dog ran out, so I had to brake. The BMW hit me from behind. I think we can just settle this quickly with the insurance, no need for police. My car has a dent.",1
PT-NEW-2026-023,"detected_damages: scratch, dent | insured_driver: Man, like, I was driving down Avenida dos Aliados, just keeping in my lane, you know? And this taxi just decided to switch lanes without looking and totally swiped the side of my car. I honked, but it was too late. There's a long scratch and a dent on my driver's door now. It's super annoying, pá. | impartial_witness: I was waiting for the bus. The Peugeot was going straight in the right lane. The taxi in the middle lane just drifted over without using a blinker and scraped the side of the Peugeot. The impact left a visible scratch and a small dent.",0
PT-NEW-2026-024,"detected_damages: dent, crack | insured_driver: I was proceeding on EN125 near Vilamoura at exactly 22:15. I was driving at 65 km/h, perfectly sober, and my hands were at the ten-and-two position. A completely unlit motorcycle swerved into my trajectory. To avoid vehicular manslaughter, I executed a textbook evasive swerve into a concrete barrier. My bumper has a dent and a crack, but furthermore, the front lamp is completely broken and the windshield sustained a massive glass shatter. The motorcycle fled immediately.",1
PT-NEW-2026-025,"detected_damages: scratch | insured_driver: THIS IS UNBELIEVABLE! I WAS STOPPED IN TRAFFIC ON RUA DE CEDOFEITA AND THIS MORON BUMPED INTO MY REAR! IT WAS A HUGE SHOCK! THE BUMPER IS COMPLETELY CUSHIONED IN WITH A MASSIVE DENT, THERE IS A TERRIBLE SCRATCH, AND MY REAR WINDOW HAS A GLASS SHATTER FROM THE WHIPLASH EFFECT! I AM TAKING THIS TO COURT IF YOU DON'T PAY OUT IMMEDIATELY! I WANT NO DELAYS AND NO INVESTIGATORS SNOOPING AROUND!",1
PT-NEW-2026-026,"detected_damages: lamp broken, scratch | insured_driver: Oh, what a disaster. I was just trying to squeeze my little Fiat into a parking space near Praça do Comércio. I was going to meet my sister for a nice codfish lunch. I was reversing very, very slowly, but I misjudged the distance to the lamppost behind me. I heard a crunch. Oh dear, the rear lamp is completely broken and there's a nasty scratch on the paint. I'm just glad nobody was walking behind me.",0
PT-NEW-2026-027,"detected_damages: dent, scratch | insured_driver: I was stopped at the yield sign of the roundabout. The driver of the approaching Renault Megane made a distinct, continuous waving motion with his left hand, yielding his right-of-way to me. I proceeded at 12 km/h. He then intentionally accelerated, causing a T-bone collision. My driver door has a deep dent, a long scratch, a structural crack, and the side indicator lamp is broken. I did not violate any traffic laws, as I was explicitly instructed to proceed. | third_party_driver: I was inside the roundabout. I was swatting a bee away from my face, not waving anyone in. The Seat driver just pulled out directly into my path. I couldn't brake in time. We just bumped doors. There's a dent and a scratch.",1
PT-NEW-2026-028,"detected_damages: dent, crack, lamp broken | insured_driver: On the specified date, I was operating my Volvo V40 eastbound on EN10. Approaching the signaled intersection, my light was green. The third-party vehicle, a Nissan Juke, executed an illegal left turn across my path, failing to yield. I applied emergency braking but impacted their passenger side at approximately 30 km/h. The front fascia of my vehicle sustained a major dent, a crack in the lower grille, and the destruction of the left headlamp assembly. | third_party_driver: Dude, I totally thought I had the yellow arrow to turn, you know? I just went for it, and then the Volvo was just right there. Totally my fault, pá. Their car took a solid hit, the bumper has a big crack and a dent, and the light is busted.",0
PT-NEW-2026-029,"detected_damages: scratch | insured_driver: Yeah, I was driving on the Marginal yesterday, or maybe the day before. Traffic was bad. Some car brushed against mine. It's a really deep scratch, but there's also a massive dent on the fender and the side mirror has a complete glass shatter. The other guy didn't stop. I just need you to approve the funds so I can fix the glass shatter and the dent. Send the check.",1
PT-NEW-2026-030,"detected_damages: dent, scratch | insured_driver: I WAS DRIVING ON THE IC2 AND A TRUCK RAN ME OFF THE ROAD! IT WAS A HIT AND RUN! I HIT THE GUARDRAIL! MY POLO HAS A HUGE DENT, SCRATCHES, A CRACK ON THE HOOD, AND THE LAMP IS BROKEN! I HAVE NO WITNESSES BECAUSE IT WAS DARK, BUT YOU NEED TO PAY ME IMMEDIATELY! IF YOU SEND AN INVESTIGATOR I WILL CONSIDER IT HARASSMENT AND CALL MY LAWYER!",1
PT-NEW-2026-031,"detected_damages: dent, scratch | insured_driver: Dude, like, I was just completely stopped at the red light on Avenida de Roma, you know? Minding my own business. Suddenly, boom! The guy behind me just totally slammed into my bumper. Now I have this massive dent and a huge scratch. I'm so stressed out, pá, my insurance premiums are gonna skyrocket! | third_party_driver: I was approaching the traffic light and momentarily checked my blind spot for a lane change. When I looked forward, the Renault Twingo was stationary. Despite immediate braking, I impacted their rear bumper at approximately 15 km/h, resulting in a dent and scratch. I assume full liability.",0
PT-NEW-2026-032,"detected_damages: scratch | insured_driver: SOME IDIOT HIT MY CAR WHILE I WAS SHOPPING! I CAME BACK TO FIND A HUGE SCRATCH, A MASSIVE DENT ON THE REAR DOOR, AND MY TAIL LAMP COMPLETELY BROKEN! THIS IS UNACCEPTABLE! I DEMAND THIS REPAIR BE AUTHORIZED TODAY OR I AM CALLING MY LAWYERS AND FILLING OUT THE LIVRO DE RECLAMAÇÕES IMMEDIATELY!",1
PT-NEW-2026-033,"detected_damages: dent, scratch | insured_driver: I was travelling precisely at 80 km/h on the IC19. I had zero alcohol in my system and my hands were at the ten-and-two position. A white Fiat Punto aggressively overtook me, cut into my lane with less than two meters of clearance, and performed a sudden, completely unjustified emergency stop. My reaction time was flawless, but collision was mathematically inevitable. My front bumper sustained a deep dent, scratches, and the passenger side headlight has a complete glass shatter. It is entirely their fault. | third_party_driver: I was driving normally. A dog ran out onto the highway, necessitating an emergency stop to prevent a fatal impact with the animal. The Mercedes behind me failed to stop in time. My rear bumper sustained a severe dent.",1
PT-NEW-2026-034,"detected_damages: dent | insured_driver: Yeah, so I parked my car somewhere near Rua Augusta, probably last night or early this morning, I don't really remember. I came back and someone had hit it and driven off. The side has a huge dent, a nasty scratch, and a big crack on the panel. I didn't see any cameras. Just approve the payout so I can take it to my guy.",1
PT-NEW-2026-035,"detected_damages: dent | insured_driver: Oh my goodness, it was dreadful. I was just driving past the cafes on Praça da República, going very slowly, maybe 15 km/h, because I was looking for a parking spot to meet my grandson. Suddenly, a young man stepped right off the pavement looking at his phone. I slammed the brakes, but I nudged him. He fell over, poor thing! He said he was fine, but my bonnet has a small dent now. My husband is going to be so cross with me.",0
PT-NEW-2026-036,"detected_damages: scratch | insured_driver: Like, I was just cruising along the Marginal, enjoying the view, and this guy in a jeep just drifted into my lane! He totally side-swiped me. The scratch is super long, but what's worse is he broke my side indicator lamp completely, and the passenger window has a huge glass shatter from the impact! I'm practically traumatized, pá. I need a rental car sorted out today!",1
PT-NEW-2026-037,"detected_damages: dent, scratch | insured_driver: I was stopped at the yield sign. The driver of the approaching Renault Megane made a distinct, continuous waving motion with his left hand, yielding his right-of-way to me. I proceeded at 10 km/h. He then intentionally accelerated, causing a T-bone collision. My driver door has a deep dent, a long scratch, a structural crack, and the side indicator lamp is broken. I did not violate any traffic laws. | third_party_driver: I was inside the roundabout. I was swatting a fly away from the windshield, not waving anyone in! The Audi driver just pulled out directly into my path. I couldn't brake in time. We just bumped doors. There's a dent and a scratch.",1
PT-NEW-2026-038,"detected_damages: dent, crack | insured_driver: Incident occurred at 17:30 on the A22. Traffic was operating in a stop-and-go pattern due to roadworks. I brought my vehicle to a complete halt. The third-party vehicle, a Ford Transit van, failed to decelerate in time and impacted my rear bumper. The collision resulted in a visible dent and a horizontal crack across the lower plastic trim of my bumper. | third_party_driver: I was driving behind the Skoda. I misjudged the braking distance when the traffic stopped abruptly. My front bumper hit the Skoda's rear at about 20 km/h. I confirm there is a dent and a crack on their bumper. I assume full responsibility.",0
PT-NEW-2026-039,"detected_damages: scratch | insured_driver: Yeah, I was driving down Santa Catarina yesterday. Some scooter cut me off really badly, so I had to swerve and I scraped the metal bollards on the sidewalk. The scooter didn't stop. My car is ruined. The side has a massive dent, a deep scratch, and the passenger window has a complete glass shatter. Since it was a hit and run, I need you to transfer the funds quickly.",1
PT-NEW-2026-040,"detected_damages: scratch, lamp broken | insured_driver: Dude, I feel so stupid. I was driving on the Vasco da Gama bridge, changing lanes to the right, and I totally forgot to check my blind spot, you know? I just bumped right into the side of this BMW. I was going like 80 km/h. My front right indicator lamp is broken now, and there's a massive scratch. The other driver was super angry, but I admitted it was my fault, pá. | third_party_driver: I was maintaining my lane on the bridge. The Seat Leon abruptly merged into my lane without signaling. I attempted to honk and swerve, but they struck my left side. My vehicle sustained a long scratch along the rear passenger door.",0
PT-NEW-2026-041,"detected_damages: scratch | insured_driver: Oh, my goodness, I was just driving to the bank on Aliados, and this young boy on an electric scooter just scraped right past my car! He barely touched the door, but the noise was terrifying! Now there is a terrible scratch, and I am quite sure the side window has a glass shatter forming, and the indicator lamp is completely broken! It was such a traumatic experience!",1
PT-NEW-2026-042,"detected_damages: dent, scratch | insured_driver: I was on the A1. The car in front just stopped dead for no reason. I hit him. It wasn't my fault, he just stopped. My SUV has a huge dent, scratches, a crack on the grille, and the headlamp has a glass shatter. I don't care about the details, just process the claim. Send the money to my IBAN. | third_party_driver: I was driving normally. A dog ran out, so I had to brake hard. The BMW hit me from behind. I think we can just settle this quickly with the insurance, no need for police. My car has a dent.",1
PT-NEW-2026-043,"detected_damages: scratch, dent | insured_driver: Man, like, I was driving down Santa Catarina, just keeping in my lane, you know? And this delivery van just decided to switch lanes without looking and totally swiped the side of my car. I honked, but it was too late. There's a long scratch and a dent on my driver's door now. It's super annoying, pá. | impartial_witness: I was waiting outside the Majestic Cafe. The Peugeot was going straight in the right lane. The white van in the left lane just drifted over without using a blinker and scraped the side of the Peugeot. The impact left a visible scratch and a small dent.",0
PT-NEW-2026-044,"detected_damages: dent, crack | insured_driver: I was proceeding on EN125 near Faro at exactly 22:15. I was driving at 65 km/h, perfectly sober, and my hands were at the ten-and-two position. A completely unlit truck swerved into my trajectory. To avoid vehicular manslaughter, I executed an evasive swerve into a concrete barrier. My bumper has a dent and a crack, but furthermore, the front lamp is completely broken and the windshield sustained a massive glass shatter. The truck fled.",1
PT-NEW-2026-045,"detected_damages: scratch | insured_driver: THIS IS UNBELIEVABLE! I WAS STOPPED IN TRAFFIC ON AVENIDA LUÍSA TODI AND THIS MORON BUMPED INTO MY REAR! THE BUMPER IS COMPLETELY CUSHIONED IN WITH A MASSIVE DENT, THERE IS A TERRIBLE SCRATCH, AND MY REAR WINDOW HAS A GLASS SHATTER FROM THE WHIPLASH EFFECT! I AM TAKING THIS TO COURT IF YOU DON'T PAY OUT IMMEDIATELY! I WANT NO DELAYS!",1
PT-NEW-2026-046,"detected_damages: lamp broken, scratch | insured_driver: Oh, what a disaster. I was just trying to squeeze my little Fiat into a parking space near Praça da Batalha to go to the theater. I was reversing very slowly, but I misjudged the distance to the stone pillar behind me. I heard a crunch. Oh dear, the rear lamp is completely broken and there's a nasty scratch on the paint. I'm just glad nobody was walking behind me.",0
PT-NEW-2026-047,"detected_damages: dent, scratch | insured_driver: I was stopped at the yield sign entering the Marquês roundabout. The driver of the approaching Renault Megane made a distinct waving motion with his left hand, yielding right-of-way. I proceeded at 12 km/h. He then intentionally accelerated, causing a T-bone collision. My driver door has a deep dent, a long scratch, a structural crack, and the side indicator lamp is broken. I did not violate any laws. | third_party_driver: I was inside the roundabout. I was adjusting my rearview mirror, not waving anyone in! The Seat driver pulled out directly into my path. I couldn't brake in time. We bumped doors. There's a dent and a scratch.",1
PT-NEW-2026-048,"detected_damages: dent, crack, lamp broken | insured_driver: On the specified date, I was operating my Volvo V40 eastbound on EN10. Approaching the signaled intersection, my light was green. The third-party vehicle, a Nissan Juke, executed an illegal left turn across my path, failing to yield. I applied emergency braking but impacted their passenger side at approximately 30 km/h. The front fascia of my vehicle sustained a major dent, a crack in the lower grille, and the destruction of the left headlamp assembly. | third_party_driver: Dude, I totally thought I had the yellow arrow to turn, you know? I just went for it, and then the Volvo was just right there. Totally my fault, pá. Their car took a solid hit, the bumper has a big crack and a dent, and the light is busted.",0
PT-NEW-2026-049,"detected_damages: scratch | insured_driver: Yeah, I was driving on the Marginal yesterday, near Oeiras. Traffic was bad. Some car brushed against mine. It's a really deep scratch, but there's also a massive dent on the fender and the side mirror has a complete glass shatter. The other guy didn't stop. I just need you to approve the funds so I can fix the glass shatter and the dent. Send the check.",1
PT-NEW-2026-050,"detected_damages: dent, scratch | insured_driver: I WAS DRIVING ON THE IC2 AND A TRUCK RAN ME OFF THE ROAD! IT WAS A HIT AND RUN! I HIT THE GUARDRAIL! MY POLO HAS A HUGE DENT, SCRATCHES, A CRACK ON THE HOOD, AND THE LAMP IS BROKEN! I HAVE NO WITNESSES BECAUSE IT WAS DARK, BUT YOU NEED TO PAY ME IMMEDIATELY! DO NOT ASK ME FOR MORE DETAILS!",1
PT-NEW-2026-051,"detected_damages: dent, scratch | insured_driver: Dude, like, I was just stopped at the crosswalk on Rua da Prata, you know? Letting some tourists pass. And the taxi behind me just completely bumped my bumper. My Smart car is so tiny, I felt the jolt! It has a dent and a scratch now. I really hope the repair isn't too complicated, pá. | third_party_driver: I was operating my taxi at approximately 15 km/h. The Smart car ahead stopped abruptly for pedestrians. I applied the brakes but the cobblestones were wet. Impact occurred with the rear bumper of the Smart car, resulting in a small dent and superficial scratches. I provided my insurance details.",0
PT-NEW-2026-052,"detected_damages: scratch | insured_driver: SOME IDIOT HIT MY AUDI WHILE I WAS AT ALEGRO SINTRA! I CAME BACK TO FIND A HUGE SCRATCH, A MASSIVE DENT ON THE REAR DOOR, AND MY TAIL LAMP COMPLETELY BROKEN! THIS IS UNACCEPTABLE! I DEMAND THIS REPAIR BE AUTHORIZED TODAY OR I AM CALLING MY LAWYERS IMMEDIATELY!",1
PT-NEW-2026-053,"detected_damages: dent, scratch | insured_driver: I was travelling precisely at 100 km/h on the A5. I had zero alcohol in my system and my hands were at ten-and-two. A white Fiat 500 aggressively overtook me, cut into my lane with less than two meters of clearance, and performed a sudden, completely unjustified emergency stop. My reaction time was flawless, but collision was mathematically inevitable. My front bumper sustained a deep dent, scratches, and the passenger side headlight has a complete glass shatter. | third_party_driver: I was driving normally. A box fell off a truck ahead, necessitating an emergency stop to prevent a fatal impact. The BMW behind me failed to stop in time. My rear bumper sustained a severe dent.",1
PT-NEW-2026-054,"detected_damages: dent | insured_driver: Yeah, so I parked my car somewhere near Rua do Carmo, probably last night. I came back and someone had hit it and driven off. The side has a huge dent, a nasty scratch, and a big crack on the panel. I didn't see any cameras. Just approve the payout so I can take it to my guy.",1
PT-NEW-2026-055,"detected_damages: dent | insured_driver: Oh my goodness, it was dreadful. I was just driving past the cafes on Avenida 25 de Abril, going very slowly, maybe 15 km/h. Suddenly, a young man stepped right off the pavement looking at his phone. I slammed the brakes, but I nudged him. He fell over, poor thing! He said he was fine, but my bonnet has a small dent now. My husband is going to be so cross with me.",0
PT-NEW-2026-056,"detected_damages: scratch | insured_driver: Like, I was just cruising along the Guincho road, enjoying the view, and this guy in a jeep just drifted into my lane! He totally side-swiped me. The scratch is super long, but what's worse is he broke my side indicator lamp completely, and the passenger window has a huge glass shatter from the impact! I'm practically traumatized, pá. I need a rental car sorted out today!",1
PT-NEW-2026-057,"detected_damages: dent, scratch | insured_driver: I was stopped at the yield sign. The driver of the approaching Renault Clio made a distinct, continuous waving motion with his left hand, yielding his right-of-way to me. I proceeded at 10 km/h. He then intentionally accelerated, causing a T-bone collision. My driver door has a deep dent, a long scratch, a structural crack, and the side indicator lamp is broken. I did not violate any traffic laws. | third_party_driver: I was inside the roundabout. I was swatting a fly away from the windshield, not waving anyone in! The Volvo driver just pulled out directly into my path. I couldn't brake in time. We just bumped doors. There's a dent and a scratch.",1
PT-NEW-2026-058,"detected_damages: dent, crack | insured_driver: Incident occurred at 17:30 on the A2. Traffic was operating in a stop-and-go pattern due to an accident ahead. I brought my vehicle to a complete halt. The third-party vehicle, a Ford Transit van, failed to decelerate in time and impacted my rear bumper. The collision resulted in a visible dent and a horizontal crack across the lower plastic trim of my bumper. | third_party_driver: I was driving behind the Audi. I misjudged the braking distance when the traffic stopped abruptly. My front bumper hit the Audi's rear at about 20 km/h. I confirm there is a dent and a crack on their bumper. I assume full responsibility.",0
PT-NEW-2026-059,"detected_damages: scratch | insured_driver: Yeah, I was driving down Cedofeita yesterday. Some scooter cut me off really badly, so I had to swerve and I scraped the metal bollards on the sidewalk. The scooter didn't stop. My car is ruined. The side has a massive dent, a deep scratch, and the passenger window has a complete glass shatter. Since it was a hit and run, I need you to transfer the funds quickly.",1
PT-NEW-2026-060,"detected_damages: scratch, lamp broken | insured_driver: Dude, I feel so stupid. I was driving on the Arrábida bridge, changing lanes to the right, and I totally forgot to check my blind spot, you know? I just bumped right into the side of this BMW. I was going like 80 km/h. My front right indicator lamp is broken now, and there's a massive scratch. The other driver was super angry, but I admitted it was my fault, pá. | third_party_driver: I was maintaining my lane on the bridge. The Renault Megane abruptly merged into my lane without signaling. I attempted to honk and swerve, but they struck my left side. My vehicle sustained a long scratch along the rear passenger door.",0
PT-NEW-2026-061,"detected_damages: dent, scratch | insured_driver: Dude, like, I was just driving by the river, looking at the D. Luís bridge, you know? The traffic just suddenly stopped. I hit the brakes, but my car slid a bit and I bumped the guy in front. Just a dent and some scratches on my front bumper, man. I'm so stressed out, pá. | third_party_driver: I was stationary in traffic. The vehicle behind me, a Seat Ibiza, failed to stop in time and struck my rear bumper at approximately 15 km/h. I observed a dent and a scratch on their front bumper. My vehicle sustained minor paint transfer.",0
PT-NEW-2026-062,"detected_damages: scratch | insured_driver: I WAS PARKED AT MAR SHOPPING AND SOME LUNATIC HIT MY CAR! THERE IS A HUGE SCRATCH, A MASSIVE DENT ON THE DOOR, AND MY SIDE WINDOW HAS A COMPLETE GLASS SHATTER! I WANT THIS REPAIR AUTHORIZED IMMEDIATELY! IF YOU DELAY THIS, I AM GOING TO THE LIVRO DE RECLAMAÇÕES AND CALLING MY LAWYER RIGHT NOW!",1
PT-NEW-2026-063,"detected_damages: dent, scratch | insured_driver: I was travelling precisely at 100 km/h on the A3. I had zero alcohol in my system. A white Peugeot 308 aggressively overtook me, cut into my lane with less than two meters of clearance, and performed a sudden emergency stop. My reaction time was flawless, but collision was mathematically inevitable. My front bumper sustained a deep dent, scratches, a severe crack, and the passenger side headlamp is completely broken. | third_party_driver: I was driving normally. Debris fell from a truck ahead, necessitating an emergency stop. The Mercedes behind me failed to stop in time. My rear bumper sustained a severe dent. My brake lights were fully functional.",1
PT-NEW-2026-064,"detected_damages: scratch | insured_driver: Yeah, so I parked my car somewhere near the center, probably last night or early this morning. I came back and someone had hit it and driven off. The side has a nasty scratch, a huge dent, and the rear lamp is broken. I didn't see any cameras. Just approve the payout so I can take it to my mechanic.",1
PT-NEW-2026-065,"detected_damages: dent | insured_driver: Oh my goodness, it was dreadful. I was just driving past the offices, going very slowly, maybe 20 km/h, because I was looking for a parking spot. Suddenly, a businessman stepped right off the pavement looking at his phone. I slammed the brakes, but I nudged him. He fell over, poor thing! He said he was fine, but my bonnet has a small dent now. My husband is going to be so cross.",0
PT-NEW-2026-066,"detected_damages: scratch | insured_driver: Like, I was just cruising along the EN125, enjoying the radio, and this guy in a van just drifted into my lane! He totally side-swiped me. The scratch is super long, but what's worse is he broke my side indicator lamp completely, and the passenger window has a huge glass shatter from the impact! I'm practically traumatized, pá. I need a rental car sorted out today!",1
PT-NEW-2026-067,"detected_damages: dent, scratch | insured_driver: I was stopped at the yield sign entering the roundabout. The driver of the approaching Renault Clio made a distinct, continuous waving motion with his left hand, yielding his right-of-way to me. I proceeded at exactly 10 km/h. He then intentionally accelerated, causing a T-bone collision. My driver door has a deep dent, a long scratch, a structural crack, and the side indicator lamp is broken. I did not violate any traffic laws. | third_party_driver: I was inside the roundabout. I was pointing at a building for my friend, not waving anyone in! The Audi driver just pulled out directly into my path. I couldn't brake in time. We just bumped doors. There's a dent and a scratch.",1
PT-NEW-2026-068,"detected_damages: dent, crack | insured_driver: Incident occurred at 17:30 on the IC2. Traffic was operating in a stop-and-go pattern. I brought my vehicle to a complete halt. The third-party vehicle, a Ford Transit van, failed to decelerate in time and impacted my rear bumper. The collision resulted in a visible dent and a horizontal crack across the lower plastic trim of my bumper. | third_party_driver: I was driving behind the Skoda. I misjudged the braking distance when the traffic stopped abruptly. My front bumper hit the Skoda's rear at about 20 km/h. I confirm there is a dent and a crack on their bumper. I assume full responsibility.",0
PT-NEW-2026-069,"detected_damages: scratch | insured_driver: Yeah, I was driving down Luísa Todi yesterday. Some scooter cut me off really badly, so I had to swerve and I scraped the metal bollards on the sidewalk. The scooter didn't stop. My car is ruined. The side has a massive dent, a deep scratch, and the passenger window has a complete glass shatter. Since it was a hit and run, I need you to transfer the funds quickly.",1
PT-NEW-2026-070,"detected_damages: scratch, lamp broken | insured_driver: Dude, I feel so stupid. I was driving on the bridge, changing lanes to the right, and I totally forgot to check my blind spot, you know? I just bumped right into the side of this BMW. I was going like 70 km/h. My front right indicator lamp is broken now, and there's a massive scratch. The other driver was super angry, but I admitted it was my fault, pá. | third_party_driver: I was maintaining my lane on the bridge. The Seat Leon abruptly merged into my lane without signaling. I attempted to honk and swerve, but they struck my left side. My vehicle sustained a long scratch along the rear passenger door.",0
PT-NEW-2026-071,"detected_damages: scratch | insured_driver: Oh, my goodness, I was just driving in the roundabout, and this young boy on a delivery bicycle just scraped right past my car! He barely touched the door, but the noise was terrifying! Now there is a terrible scratch, and I am quite sure the side window has a glass shatter forming, and the indicator lamp is completely broken! It was such a traumatic experience, I need everything replaced!",1
PT-NEW-2026-072,"detected_damages: dent, scratch | insured_driver: I was on the A2. The car in front just stopped dead for no reason. I hit him. It wasn't my fault, he just stopped. My SUV has a huge dent, scratches, a crack on the grille, and the headlamp has a glass shatter. I don't care about the details, just process the claim. Send the money to my IBAN. | third_party_driver: I was driving normally. A dog ran out, so I had to brake hard. The BMW hit me from behind. I think we can just settle this quickly with the insurance, no need for police. My car has a dent.",1
PT-NEW-2026-073,"detected_damages: scratch, dent | insured_driver: Man, like, I was driving down Santa Catarina, just keeping in my lane, you know? And this delivery van just decided to switch lanes without looking and totally swiped the side of my car. I honked, but it was too late. There's a long scratch and a dent on my driver's door now. It's super annoying, pá. | impartial_witness: I was waiting outside the cafe. The Peugeot was going straight in the right lane. The white van in the left lane just drifted over without using a blinker and scraped the side of the Peugeot. The impact left a visible scratch and a small dent.",0
PT-NEW-2026-074,"detected_damages: dent, crack | insured_driver: I was proceeding on EN125 near Albufeira at exactly 22:15. I was driving at 65 km/h, perfectly sober, and my hands were at the ten-and-two position. A completely unlit truck swerved into my trajectory. To avoid vehicular manslaughter, I executed an evasive swerve into a concrete barrier. My bumper has a dent and a crack, but furthermore, the front lamp is completely broken and the windshield sustained a massive glass shatter. The truck fled.",1
PT-NEW-2026-075,"detected_damages: scratch | insured_driver: THIS IS UNBELIEVABLE! I WAS STOPPED IN TRAFFIC ON AVENIDA DOS ALIADOS AND THIS MORON BUMPED INTO MY REAR! THE BUMPER IS COMPLETELY CUSHIONED IN WITH A MASSIVE DENT, THERE IS A TERRIBLE SCRATCH, AND MY REAR WINDOW HAS A GLASS SHATTER FROM THE WHIPLASH EFFECT! I AM TAKING THIS TO COURT IF YOU DON'T PAY OUT IMMEDIATELY! I WANT NO DELAYS!",1
PT-NEW-2026-076,"detected_damages: lamp broken, scratch | insured_driver: Oh, what a disaster. I was just trying to squeeze my little Fiat into a parking space near Praça da Batalha to go to the theater. I was reversing very slowly, but I misjudged the distance to the stone pillar behind me. I heard a crunch. Oh dear, the rear lamp is completely broken and there's a nasty scratch on the paint. I'm just glad nobody was walking behind me.",0
PT-NEW-2026-077,"detected_damages: dent, scratch | insured_driver: I was stopped at the yield sign entering the roundabout. The driver of the approaching Renault Megane made a distinct waving motion with his left hand, yielding right-of-way. I proceeded at 12 km/h. He then intentionally accelerated, causing a T-bone collision. My driver door has a deep dent, a long scratch, a structural crack, and the side indicator lamp is broken. I did not violate any laws. | third_party_driver: I was inside the roundabout. I was adjusting my rearview mirror, not waving anyone in! The Seat driver pulled out directly into my path. I couldn't brake in time. We bumped doors. There's a dent and a scratch.",1
PT-NEW-2026-078,"detected_damages: dent, crack, lamp broken | insured_driver: On the specified date, I was operating my Volvo V40 eastbound on EN10. Approaching the signaled intersection, my light was green. The third-party vehicle, a Nissan Juke, executed an illegal left turn across my path, failing to yield. I applied emergency braking but impacted their passenger side at approximately 30 km/h. The front fascia of my vehicle sustained a major dent, a crack in the lower grille, and the destruction of the left headlamp assembly. | third_party_driver: Dude, I totally thought I had the yellow arrow to turn, you know? I just went for it, and then the Volvo was just right there. Totally my fault, pá. Their car took a solid hit, the bumper has a big crack and a dent, and the light is busted.",0
PT-NEW-2026-079,"detected_damages: scratch | insured_driver: Yeah, I was driving on the Marginal yesterday, near Oeiras. Traffic was bad. Some car brushed against mine. It's a really deep scratch, but there's also a massive dent on the fender and the side mirror has a complete glass shatter. The other guy didn't stop. I just need you to approve the funds so I can fix the glass shatter and the dent. Send the check.",1
PT-NEW-2026-080,"detected_damages: dent, scratch | insured_driver: I WAS DRIVING ON THE IC2 AND A TRUCK RAN ME OFF THE ROAD! IT WAS A HIT AND RUN! I HIT THE GUARDRAIL! MY POLO HAS A HUGE DENT, SCRATCHES, A CRACK ON THE HOOD, AND THE LAMP IS BROKEN! I HAVE NO WITNESSES BECAUSE IT WAS DARK, BUT YOU NEED TO PAY ME IMMEDIATELY! DO NOT ASK ME FOR MORE DETAILS!",1
PT-NEW-2026-081,"detected_damages: dent, scratch | insured_driver: Dude, like, I was just stopped at the crosswalk on Rua da Prata, you know? Letting some tourists pass. And the taxi behind me just completely bumped my bumper. My Smart car is so tiny, I felt the jolt! It has a dent and a scratch now. I really hope the repair isn't too complicated, pá. | third_party_driver: I was operating my taxi at approximately 15 km/h. The Smart car ahead stopped abruptly for pedestrians. I applied the brakes but the cobblestones were wet. Impact occurred with the rear bumper of the Smart car, resulting in a small dent and superficial scratches. I provided my insurance details.",0
PT-NEW-2026-082,"detected_damages: scratch | insured_driver: SOME IDIOT HIT MY AUDI WHILE I WAS AT ALEGRO SINTRA! I CAME BACK TO FIND A HUGE SCRATCH, A MASSIVE DENT ON THE REAR DOOR, AND MY TAIL LAMP COMPLETELY BROKEN! THIS IS UNACCEPTABLE! I DEMAND THIS REPAIR BE AUTHORIZED TODAY OR I AM CALLING MY LAWYERS IMMEDIATELY!",1
PT-NEW-2026-083,"detected_damages: dent, scratch | insured_driver: I was travelling precisely at 100 km/h on the A5. I had zero alcohol in my system and my hands were at ten-and-two. A white Fiat 500 aggressively overtook me, cut into my lane with less than two meters of clearance, and performed a sudden, completely unjustified emergency stop. My reaction time was flawless, but collision was mathematically inevitable. My front bumper sustained a deep dent, scratches, and the passenger side headlight has a complete glass shatter. | third_party_driver: I was driving normally. A box fell off a truck ahead, necessitating an emergency stop to prevent a fatal impact. The BMW behind me failed to stop in time. My rear bumper sustained a severe dent.",1
PT-NEW-2026-084,"detected_damages: dent | insured_driver: Yeah, so I parked my car somewhere near Rua do Carmo, probably last night. I came back and someone had hit it and driven off. The side has a huge dent, a nasty scratch, and a big crack on the panel. I didn't see any cameras. Just approve the payout so I can take it to my guy.",1
PT-NEW-2026-085,"detected_damages: dent | insured_driver: Oh my goodness, it was dreadful. I was just driving past the cafes on Avenida 25 de Abril, going very slowly, maybe 15 km/h. Suddenly, a young man stepped right off the pavement looking at his phone. I slammed the brakes, but I nudged him. He fell over, poor thing! He said he was fine, but my bonnet has a small dent now. My husband is going to be so cross with me.",0
PT-NEW-2026-086,"detected_damages: scratch | insured_driver: Like, I was just cruising along the Guincho road, enjoying the view, and this guy in a jeep just drifted into my lane! He totally side-swiped me. The scratch is super long, but what's worse is he broke my side indicator lamp completely, and the passenger window has a huge glass shatter from the impact! I'm practically traumatized, pá. I need a rental car sorted out today!",1
PT-NEW-2026-087,"detected_damages: dent, scratch | insured_driver: I was stopped at the yield sign. The driver of the approaching Renault Clio made a distinct, continuous waving motion with his left hand, yielding his right-of-way to me. I proceeded at 10 km/h. He then intentionally accelerated, causing a T-bone collision. My driver door has a deep dent, a long scratch, a structural crack, and the side indicator lamp is broken. I did not violate any traffic laws. | third_party_driver: I was inside the roundabout. I was swatting a fly away from the windshield, not waving anyone in! The Volvo driver just pulled out directly into my path. I couldn't brake in time. We just bumped doors. There's a dent and a scratch.",1
PT-NEW-2026-088,"detected_damages: dent, crack | insured_driver: Incident occurred at 17:30 on the A2. Traffic was operating in a stop-and-go pattern due to an accident ahead. I brought my vehicle to a complete halt. The third-party vehicle, a Ford Transit van, failed to decelerate in time and impacted my rear bumper. The collision resulted in a visible dent and a horizontal crack across the lower plastic trim of my bumper. | third_party_driver: I was driving behind the Audi. I misjudged the braking distance when the traffic stopped abruptly. My front bumper hit the Audi's rear at about 20 km/h. I confirm there is a dent and a crack on their bumper. I assume full responsibility.",0
PT-NEW-2026-089,"detected_damages: scratch | insured_driver: Yeah, I was driving down Cedofeita yesterday. Some scooter cut me off really badly, so I had to swerve and I scraped the metal bollards on the sidewalk. The scooter didn't stop. My car is ruined. The side has a massive dent, a deep scratch, and the passenger window has a complete glass shatter. Since it was a hit and run, I need you to transfer the funds quickly.",1
PT-NEW-2026-090,"detected_damages: scratch, lamp broken | insured_driver: Dude, I feel so stupid. I was driving on the Arrábida bridge, changing lanes to the right, and I totally forgot to check my blind spot, you know? I just bumped right into the side of this BMW. I was going like 80 km/h. My front right indicator lamp is broken now, and there's a massive scratch. The other driver was super angry, but I admitted it was my fault, pá. | third_party_driver: I was maintaining my lane on the bridge. The Renault Megane abruptly merged into my lane without signaling. I attempted to honk and swerve, but they struck my left side. My vehicle sustained a long scratch along the rear passenger door.",0
PT-NEW-2026-091,"detected_damages: dent, scratch | insured_driver: Dude, like, I was just driving near Cais do Sodré, right? The traffic was super heavy, pá. I stopped because the car in front of me stopped, and then BAM! The guy behind me totally hit my bumper. I was, like, in shock. My bumper has this big dent and a scratch now. I really hope my insurance covers it without a huge hassle, man. | third_party_driver: I was proceeding eastbound. I was distracted for a split second by a billboard and failed to notice the Seat Ibiza had come to a complete halt. I applied the brakes but bumped into their rear. I observed a dent and a scratch. I take full responsibility.",0
PT-NEW-2026-092,"detected_damages: scratch | insured_driver: SOME IDIOT SCRAPED MY CAR WHILE I WAS PARKED AT PRAÇA DO IMPÉRIO! I CAME BACK TO FIND A HUGE SCRATCH, A MASSIVE DENT ON THE PASSENGER DOOR, AND MY REAR LAMP IS COMPLETELY BROKEN! THIS IS UNACCEPTABLE! I EXPECT FULL COMPENSATION SENT TO MY IBAN TODAY OR I AM CALLING MY LAWYER AND USING THE LIVRO DE RECLAMAÇÕES!",1
PT-NEW-2026-093,"detected_damages: dent, scratch | insured_driver: I was travelling precisely at 90 km/h on the IC19. I had zero alcohol in my system and my hands were at the ten-and-two position. A white Dacia Sandero aggressively overtook me, cut into my lane with less than two meters of clearance, and performed a sudden, completely unjustified emergency stop. My reaction time was flawless, but collision was mathematically inevitable. My front bumper sustained a deep dent, scratches, and the passenger side headlight has a complete glass shatter. | third_party_driver: I was driving normally. A large box fell off a truck ahead, necessitating an emergency stop to prevent a fatal impact. The BMW behind me failed to stop in time. My rear bumper sustained a severe dent.",1
PT-NEW-2026-094,"detected_damages: dent | insured_driver: Yeah, so I parked my car somewhere near Rua do Carmo, probably last night or maybe early this morning. I came back and someone had hit it and driven off. The side has a huge dent, a nasty scratch, and a big crack on the panel. I didn't see any cameras. Just approve the payout so I can take it to my guy.",1
PT-NEW-2026-095,"detected_damages: dent | insured_driver: Oh my goodness, it was dreadful. I was just driving past the cafes on Avenida 5 de Outubro, going very slowly, maybe 15 km/h. Suddenly, a young man stepped right off the pavement looking at his phone. I slammed the brakes, but I nudged him. He fell over, poor thing! He said he was fine, but my bonnet has a small dent now. My husband is going to be so cross with me.",0
PT-NEW-2026-096,"detected_damages: scratch | insured_driver: Like, I was just cruising along the Guincho road, enjoying the view, and this guy in a jeep just drifted into my lane! He totally side-swiped me. The scratch is super long, but what's worse is he broke my side indicator lamp completely, and the passenger window has a huge glass shatter from the impact! I'm practically traumatized, pá. I need a rental car sorted out today!",1
PT-NEW-2026-097,"detected_damages: dent, scratch | insured_driver: I was stopped at the yield sign. The driver of the approaching Renault Megane made a distinct, continuous waving motion with his left hand, yielding his right-of-way to me. I proceeded at 10 km/h. He then intentionally accelerated, causing a T-bone collision. My driver door has a deep dent, a long scratch, a structural crack, and the side indicator lamp is broken. I did not violate any traffic laws. | third_party_driver: I was inside the roundabout. I was adjusting my sun visor, not waving anyone in! The Volvo driver just pulled out directly into my path. I couldn't brake in time. We just bumped doors. There's a dent and a scratch.",1
PT-NEW-2026-098,"detected_damages: dent, crack, lamp broken | insured_driver: On the specified date, I was operating my vehicle eastbound on EN10. Approaching the signaled intersection, my light was green. The third-party vehicle, a Nissan Juke, executed an illegal left turn across my path, failing to yield. I applied emergency braking but impacted their passenger side at approximately 30 km/h. The front fascia of my vehicle sustained a major dent, a crack in the lower grille, and the destruction of the left headlamp assembly. | third_party_driver: Dude, I totally thought I had the yellow arrow to turn, you know? I just went for it, and then the Mercedes was just right there. Totally my fault, pá. Their car took a solid hit, the bumper has a big crack and a dent, and the light is busted.",0
PT-NEW-2026-099,"detected_damages: scratch | insured_driver: Yeah, I was driving on the Marginal yesterday, near Oeiras. Traffic was bad. Some car brushed against mine. It's a really deep scratch, but there's also a massive dent on the fender and the side mirror has a complete glass shatter. The other guy didn't stop. I just need you to approve the funds so I can fix the glass shatter and the dent. Send the check.",1
PT-NEW-2026-100,"detected_damages: dent, scratch | insured_driver: I WAS DRIVING ON THE IC2 AND A TRUCK RAN ME OFF THE ROAD! IT WAS A HIT AND RUN! I HIT THE GUARDRAIL! MY POLO HAS A HUGE DENT, SCRATCHES, A CRACK ON THE HOOD, AND THE LAMP IS BROKEN! I HAVE NO WITNESSES BECAUSE IT WAS DARK, BUT YOU NEED TO PAY ME IMMEDIATELY! DO NOT ASK ME FOR MORE DETAILS!",1
PT-NEW-2026-101,"detected_damages: dent, scratch | insured_driver: Dude, like, I was just stopped at the crosswalk on Rua da Prata, you know? Letting some tourists pass. And the taxi behind me just completely bumped my bumper. My Smart car is so tiny, I felt the jolt! It has a dent and a scratch now. I really hope the repair isn't too complicated, pá. | third_party_driver: I was operating my taxi at approximately 15 km/h. The Smart car ahead stopped abruptly for pedestrians. I applied the brakes but the cobblestones were wet. Impact occurred with the rear bumper of the Smart car, resulting in a small dent and superficial scratches. I provided my insurance details.",0
PT-NEW-2026-102,"detected_damages: scratch | insured_driver: SOME IDIOT HIT MY AUDI WHILE I WAS AT THE FORUM! I CAME BACK TO FIND A HUGE SCRATCH, A MASSIVE DENT ON THE REAR DOOR, AND MY TAIL LAMP COMPLETELY BROKEN! THIS IS UNACCEPTABLE! I DEMAND THIS REPAIR BE AUTHORIZED TODAY OR I AM CALLING MY LAWYERS IMMEDIATELY!",1
PT-NEW-2026-103,"detected_damages: dent, scratch | insured_driver: I was travelling precisely at 100 km/h on the A5. I had zero alcohol in my system and my hands were at ten-and-two. A white Fiat 500 aggressively overtook me, cut into my lane with less than two meters of clearance, and performed a sudden, completely unjustified emergency stop. My reaction time was flawless, but collision was mathematically inevitable. My front bumper sustained a deep dent, scratches, and the passenger side headlight has a complete glass shatter. | third_party_driver: I was driving normally. A box fell off a truck ahead, necessitating an emergency stop to prevent a fatal impact. The BMW behind me failed to stop in time. My rear bumper sustained a severe dent.",1
PT-NEW-2026-104,"detected_damages: dent | insured_driver: Yeah, so I parked my car somewhere near Rua das Flores, probably last night. I came back and someone had hit it and driven off. The side has a huge dent, a nasty scratch, and a big crack on the panel. I didn't see any cameras. Just approve the payout so I can take it to my guy.",1
PT-NEW-2026-105,"detected_damages: scratch, dent | insured_driver: Oh dear me, it was such a silly mistake. I was just taking my little dog, Tobias, to the vet near Praça Velha, and the sun was right in my eyes. I was reversing into a spot, very slowly, mind you, and I just didn't see the concrete planter. I gave it a little bump. My poor Opel has a dent on the back and a long scratch now. My late husband always told me to check the mirrors twice. I'm so sorry for the trouble.",0
PT-NEW-2026-106,"detected_damages: scratch | insured_driver: Like, I was just cruising along the Arrábida road, enjoying the view, and this guy in a jeep just drifted into my lane! He totally side-swiped me. The scratch is super long, but what's worse is he broke my side indicator lamp completely, and the passenger window has a huge glass shatter from the impact! I'm practically traumatized, pá. I need a rental car sorted out today!",1
PT-NEW-2026-107,"detected_damages: dent, scratch | insured_driver: I was stopped at the yield sign. The driver of the approaching Renault Megane made a distinct, continuous waving motion with his left hand, yielding his right-of-way to me. I proceeded at 10 km/h. He then intentionally accelerated, causing a T-bone collision. My driver door has a deep dent, a long scratch, a structural crack, and the side indicator lamp is broken. I did not violate any traffic laws. | third_party_driver: I was inside the roundabout. I was swatting a fly away from the windshield, not waving anyone in! The Audi driver just pulled out directly into my path. I couldn't brake in time. We just bumped doors. There's a dent and a scratch.",1
PT-NEW-2026-108,"detected_damages: dent, crack | insured_driver: Incident occurred at 17:30 on the A2. Traffic was operating in a stop-and-go pattern due to an accident ahead. I brought my vehicle to a complete halt. The third-party vehicle, a Ford Transit van, failed to decelerate in time and impacted my rear bumper. The collision resulted in a visible dent and a horizontal crack across the lower plastic trim of my bumper. | third_party_driver: I was driving behind the Skoda. I misjudged the braking distance when the traffic stopped abruptly. My front bumper hit the Skoda's rear at about 20 km/h. I confirm there is a dent and a crack on their bumper. I assume full responsibility.",0
PT-NEW-2026-109,"detected_damages: scratch | insured_driver: Yeah, I was driving down Cedofeita yesterday. Some scooter cut me off really badly, so I had to swerve and I scraped the metal bollards on the sidewalk. The scooter didn't stop. My car is ruined. The side has a massive dent, a deep scratch, and the passenger window has a complete glass shatter. Since it was a hit and run, I need you to transfer the funds quickly.",1
PT-NEW-2026-110,"detected_damages: scratch, lamp broken | insured_driver: Dude, I feel so stupid. I was driving on the Arrábida bridge, changing lanes to the right, and I totally forgot to check my blind spot, you know? I just bumped right into the side of this BMW. I was going like 80 km/h. My front right indicator lamp is broken now, and there's a massive scratch. The other driver was super angry, but I admitted it was my fault, pá. | third_party_driver: I was maintaining my lane on the bridge. The Renault Captur abruptly merged into my lane without signaling. I attempted to honk and swerve, but they struck my left side. My vehicle sustained a long scratch along the rear passenger door.",0
PT-NEW-2026-111,"detected_damages: scratch | insured_driver: Oh, my goodness, I was just driving by the town hall, and this young boy on a delivery bicycle just scraped right past my car! He barely touched the door, but the noise was terrifying! Now there is a terrible scratch, and I am quite sure the side window has a glass shatter forming, and the indicator lamp is completely broken! It was such a traumatic experience, I need everything replaced!",1
PT-NEW-2026-112,"detected_damages: dent, scratch | insured_driver: I was on the A1. The car in front just stopped dead for no reason. I hit him. It wasn't my fault, he just stopped. My SUV has a huge dent, scratches, a crack on the grille, and the headlamp has a glass shatter. I don't care about the details, just process the claim. Send the money to my IBAN. | third_party_driver: I was driving normally. A dog ran out, so I had to brake hard. The BMW hit me from behind. I think we can just settle this quickly with the insurance, no need for police. My car has a dent.",1
PT-NEW-2026-113,"detected_damages: scratch, dent | insured_driver: Man, like, I was driving down Santa Catarina, just keeping in my lane, you know? And this delivery van just decided to switch lanes without looking and totally swiped the side of my car. I honked, but it was too late. There's a long scratch and a dent on my driver's door now. It's super annoying, pá. | impartial_witness: I was waiting outside the Majestic Cafe. The Peugeot was going straight in the right lane. The white van in the left lane just drifted over without using a blinker and scraped the side of the Peugeot. The impact left a visible scratch and a small dent.",0
PT-NEW-2026-114,"detected_damages: dent, crack | insured_driver: I was proceeding on EN125 near Vilamoura at exactly 22:15. I was driving at 65 km/h, perfectly sober, and my hands were at the ten-and-two position. A completely unlit truck swerved into my trajectory. To avoid vehicular manslaughter, I executed an evasive swerve into a concrete barrier. My bumper has a dent and a crack, but furthermore, the front lamp is completely broken and the windshield sustained a massive glass shatter. The truck fled.",1
PT-NEW-2026-115,"detected_damages: scratch | insured_driver: THIS IS UNBELIEVABLE! I WAS STOPPED IN TRAFFIC ON AVENIDA 24 DE JULHO AND THIS MORON BUMPED INTO MY REAR! THE BUMPER IS COMPLETELY CUSHIONED IN WITH A MASSIVE DENT, THERE IS A TERRIBLE SCRATCH, AND MY REAR WINDOW HAS A GLASS SHATTER FROM THE WHIPLASH EFFECT! I AM TAKING THIS TO COURT IF YOU DON'T PAY OUT IMMEDIATELY! I WANT NO DELAYS!",1
PT-NEW-2026-116,"detected_damages: lamp broken, scratch | insured_driver: Oh, what a disaster. I was just trying to squeeze my little Fiat into a parking space near Praça da Batalha to go to the theater. I was reversing very slowly, but I misjudged the distance to the stone pillar behind me. I heard a crunch. Oh dear, the rear lamp is completely broken and there's a nasty scratch on the paint. I'm just glad nobody was walking behind me.",0
PT-NEW-2026-117,"detected_damages: dent, scratch | insured_driver: I was stopped at the yield sign entering the roundabout. The driver of the approaching Renault Megane made a distinct waving motion with his left hand, yielding right-of-way. I proceeded at 12 km/h. He then intentionally accelerated, causing a T-bone collision. My driver door has a deep dent, a long scratch, a structural crack, and the side indicator lamp is broken. I did not violate any laws. | third_party_driver: I was inside the roundabout. I was adjusting my rearview mirror, not waving anyone in! The Seat driver pulled out directly into my path. I couldn't brake in time. We bumped doors. There's a dent and a scratch.",1
PT-NEW-2026-118,"detected_damages: dent, crack, lamp broken | insured_driver: On the specified date, I was operating my Volvo V40 eastbound on EN10. Approaching the signaled intersection, my light was green. The third-party vehicle, a Nissan Juke, executed an illegal left turn across my path, failing to yield. I applied emergency braking but impacted their passenger side at approximately 30 km/h. The front fascia of my vehicle sustained a major dent, a crack in the lower grille, and the destruction of the left headlamp assembly. | third_party_driver: Dude, I totally thought I had the yellow arrow to turn, you know? I just went for it, and then the Volvo was just right there. Totally my fault, pá. Their car took a solid hit, the bumper has a big crack and a dent, and the light is busted.",0
PT-NEW-2026-119,"detected_damages: scratch | insured_driver: Yeah, I was driving on the Marginal yesterday, near Oeiras. Traffic was bad. Some car brushed against mine. It's a really deep scratch, but there's also a massive dent on the fender and the side mirror has a complete glass shatter. The other guy didn't stop. I just need you to approve the funds so I can fix the glass shatter and the dent. Send the check.",1
PT-NEW-2026-120,"detected_damages: dent, scratch | insured_driver: I WAS DRIVING ON THE IC2 AND A TRUCK RAN ME OFF THE ROAD! IT WAS A HIT AND RUN! I HIT THE GUARDRAIL! MY POLO HAS A HUGE DENT, SCRATCHES, A CRACK ON THE HOOD, AND THE LAMP IS BROKEN! I HAVE NO WITNESSES BECAUSE IT WAS DARK, BUT YOU NEED TO PAY ME IMMEDIATELY! DO NOT ASK ME FOR MORE DETAILS!",1
